SalgsID,Dato,ProduktID,Antal,KundeID,MedarbejderID
1,2022-12-31,4,3,1,22
2,2021-02-24,3,5,1,4
3,2022-05-22,26,2,1,19
4,2020-10-21,14,5,1,18
5,2023-02-20,11,3,2,1
6,2022-10-10,29,1,3,12
7,2020-10-07,19,1,3,20
8,2021-10-02,24,2,3,13
9,2023-03-14,14,2,3,1
10,2021-01-24,11,1,3,11
11,2020-06-26,26,4,4,14
12,2020-12-12,16,2,4,2
13,2020-08-20,13,2,4,7
14,2023-07-28,11,2,5,5
15,2021-11-03,24,1,5,5
16,2021-07-10,15,2,6,20
17,2022-12-21,19,4,6,19
18,2020-02-04,10,3,6,5
19,2022-11-14,21,1,7,13
20,2021-03-04,19,2,7,11
21,2020-12-10,1,1,7,17
22,2022-06-15,29,1,8,19
23,2020-02-02,12,4,8,1
24,2022-01-13,26,1,8,12
25,2023-12-30,31,1,9,6
26,2021-05-31,5,3,10,13
27,2022-07-20,21,2,10,7
28,2023-02-11,16,5,10,17
29,2021-02-28,14,5,10,18
30,2023-01-20,19,5,11,5
31,2020-10-31,32,2,11,5
32,2020-08-03,21,2,11,19
33,2023-04-23,20,5,11,3
34,2021-10-14,3,3,11,8
35,2020-09-30,7,5,11,12
36,2020-12-04,2,4,12,5
37,2021-05-27,22,5,12,10
38,2023-12-30,19,3,12,10
39,2021-06-04,30,3,13,11
40,2021-07-11,15,3,13,9
41,2020-07-02,2,3,13,10
42,2022-04-08,30,2,13,1
43,2023-11-18,19,4,13,4
44,2021-12-14,30,1,14,14
45,2022-11-10,3,3,14,19
46,2021-07-29,13,3,14,11
47,2022-05-06,17,1,14,11
48,2023-10-10,23,5,14,4
49,2022-11-14,22,4,14,12
50,2020-10-24,5,3,15,20
51,2022-02-04,9,4,15,16
52,2021-07-23,6,4,15,7
53,2020-07-30,5,1,15,18
54,2022-12-28,21,4,15,19
55,2023-11-01,10,3,15,1
56,2020-02-08,5,5,16,13
57,2023-04-27,2,1,17,6
58,2021-11-05,25,3,17,2
59,2021-08-07,28,2,18,7
60,2022-02-21,6,1,18,4
61,2023-06-01,30,1,18,12
62,2022-04-23,22,2,18,12
63,2021-09-18,29,2,19,3
64,2023-10-03,6,2,20,13
65,2023-07-13,20,5,20,7
66,2020-01-03,2,2,20,22
67,2021-01-19,9,3,20,3
68,2023-07-22,28,3,21,20
69,2023-03-29,32,2,21,13
70,2022-07-30,10,3,21,3
71,2022-08-03,20,2,21,12
72,2020-06-28,21,4,21,5
73,2021-12-29,25,4,21,12
74,2022-12-15,14,1,22,8
75,2021-09-28,2,4,22,14
76,2021-02-10,31,1,22,13
77,2023-04-22,27,5,23,12
78,2023-12-04,14,5,23,22
79,2023-06-10,28,2,23,6
80,2021-06-12,31,1,24,4
81,2020-01-15,30,5,24,10
82,2023-03-18,6,3,24,10
83,2023-06-20,13,5,25,1
84,2021-06-04,6,5,25,17
85,2022-04-26,27,5,25,3
86,2020-06-30,12,1,26,12
87,2020-09-06,4,3,26,2
88,2023-02-16,14,4,27,20
89,2022-08-12,2,2,27,8
90,2020-05-25,15,4,28,19
91,2021-01-19,31,5,28,11
92,2023-03-20,27,5,29,17
93,2021-05-18,10,1,29,10
94,2020-10-28,29,5,30,15
95,2022-06-07,4,1,30,21
96,2021-10-01,2,3,31,14
97,2020-11-10,16,4,31,3
98,2023-06-30,24,1,32,21
99,2020-06-13,23,5,32,17
100,2022-11-02,25,4,33,5
101,2022-11-26,4,4,33,12
102,2022-03-26,7,2,33,10
103,2020-08-08,16,4,33,8
104,2023-08-14,27,2,34,12
105,2021-03-20,24,2,34,6
106,2021-08-12,5,2,34,22
107,2021-03-29,6,5,35,19
108,2022-01-25,25,4,35,11
109,2021-02-09,15,3,35,13
110,2022-04-24,8,2,35,10
111,2021-04-22,31,2,36,20
112,2023-05-27,23,2,36,18
113,2021-07-21,8,5,36,1
114,2020-01-21,2,4,36,20
115,2020-09-23,8,4,37,5
116,2023-02-22,14,2,37,10
117,2023-02-21,21,4,37,3
118,2020-10-21,19,4,37,19
119,2022-09-07,4,4,37,1
120,2023-08-30,21,1,38,13
121,2022-10-04,27,1,38,17
122,2023-12-05,25,4,38,3
123,2023-06-28,20,1,38,11
124,2023-09-27,26,2,39,13
125,2022-11-13,26,2,39,1
126,2021-08-02,15,1,40,10
127,2021-02-19,28,4,40,3
128,2022-04-02,23,1,40,16
129,2021-11-11,22,5,40,12
130,2022-09-21,31,4,40,13
131,2023-06-02,16,3,40,6
132,2023-08-26,13,1,41,7
133,2022-03-25,4,3,41,5
134,2023-01-10,24,3,41,19
135,2020-06-07,25,5,42,3
136,2021-03-03,31,5,43,8
137,2022-08-09,31,4,43,5
138,2021-06-03,23,2,43,8
139,2022-05-29,17,4,44,6
140,2022-12-07,5,3,44,12
141,2023-01-04,10,4,44,9
142,2020-11-11,12,3,44,10
143,2021-09-26,25,5,45,20
144,2021-07-06,17,1,45,15
145,2023-09-27,28,2,46,18
146,2023-07-22,2,2,46,18
147,2023-11-03,18,2,47,10
148,2020-03-14,21,3,47,6
149,2020-12-13,25,4,47,17
150,2021-10-25,2,2,47,8
151,2022-07-25,20,3,47,10
152,2020-11-20,11,3,47,10
153,2020-01-10,12,2,48,5
154,2023-08-02,14,3,48,17
155,2023-05-20,23,5,48,11
156,2023-08-26,28,2,48,11
157,2023-05-18,21,3,48,19
158,2021-07-01,23,3,48,6
159,2023-07-29,31,3,49,15
160,2022-08-10,26,1,50,5
161,2023-07-12,10,1,50,7
162,2022-06-23,23,4,50,2
163,2020-12-18,7,3,50,15
164,2023-06-24,22,1,50,3
165,2020-11-28,24,3,50,21
166,2023-08-16,30,1,51,21
167,2021-11-05,26,5,51,8
168,2023-08-19,9,5,51,11
169,2021-01-14,4,2,51,19
170,2023-04-04,13,4,51,17
171,2021-12-22,28,3,52,1
172,2021-03-22,11,2,52,8
173,2020-06-28,25,3,52,6
174,2022-08-20,28,4,53,10
175,2021-09-13,18,1,53,18
176,2020-11-14,18,5,53,2
177,2021-07-25,23,2,53,18
178,2020-05-16,26,5,53,18
179,2023-10-22,25,1,53,11
180,2022-07-13,31,4,54,3
181,2020-08-02,17,1,55,3
182,2022-07-28,1,5,55,20
183,2022-12-06,28,1,55,1
184,2021-04-13,14,3,56,13
185,2022-04-09,9,1,56,8
186,2023-10-10,3,4,56,19
187,2023-10-11,28,1,57,3
188,2022-12-23,27,2,57,5
189,2022-05-07,5,5,57,15
190,2021-03-28,10,2,57,15
191,2022-09-27,11,2,57,14
192,2022-03-23,25,4,57,9
193,2022-03-09,31,3,58,11
194,2023-05-17,14,4,58,15
195,2021-03-16,16,5,58,7
196,2021-12-06,11,4,58,10
197,2023-05-07,21,2,58,5
198,2020-03-13,6,4,58,16
199,2020-04-27,31,1,59,15
200,2022-08-09,1,5,59,6
201,2021-01-25,24,5,59,13
202,2023-06-09,26,2,59,4
203,2022-07-13,24,1,59,3
204,2023-03-26,31,1,60,5
205,2023-03-21,17,2,60,20
206,2023-05-02,29,5,60,20
207,2022-11-01,8,4,61,1
208,2021-04-19,3,2,61,11
209,2022-07-04,19,5,61,13
210,2022-09-24,16,3,61,6
211,2021-04-08,14,1,61,18
212,2021-07-05,9,2,62,21
213,2021-05-27,12,5,63,4
214,2020-03-07,3,3,63,19
215,2020-03-08,14,2,64,16
216,2020-11-01,31,3,65,12
217,2021-12-23,18,2,65,19
218,2020-03-18,13,4,65,2
219,2023-03-12,20,2,65,1
220,2022-07-12,11,5,66,20
221,2022-10-15,6,2,66,16
222,2021-12-25,18,2,66,2
223,2022-03-29,10,5,66,18
224,2023-03-04,3,5,66,13
225,2021-10-11,29,4,67,6
226,2021-11-30,29,4,67,16
227,2021-11-27,11,2,67,14
228,2020-10-28,20,2,67,20
229,2021-06-12,12,2,67,8
230,2023-10-17,32,5,68,22
231,2023-09-10,2,5,68,5
232,2020-08-31,29,1,69,12
233,2021-04-07,13,1,69,21
234,2023-11-19,32,5,69,21
235,2022-08-20,8,5,69,21
236,2023-01-12,14,1,69,20
237,2023-10-15,20,5,70,5
238,2020-07-28,6,1,70,20
239,2023-08-13,2,1,70,15
240,2020-08-29,10,1,70,9
241,2022-03-30,24,2,70,18
242,2023-04-14,24,1,71,19
243,2020-02-26,28,1,71,9
244,2020-09-24,29,1,71,5
245,2021-07-29,13,1,71,10
246,2021-08-23,27,3,72,19
247,2022-09-07,30,2,72,1
248,2021-10-21,32,2,73,14
249,2020-05-04,31,3,73,9
250,2022-08-07,7,2,73,5
251,2020-05-30,8,5,74,4
252,2021-06-29,25,1,75,14
253,2022-04-19,23,5,75,21
254,2021-06-20,30,1,75,17
255,2021-03-19,27,4,75,16
256,2020-05-07,13,5,76,4
257,2022-01-27,15,4,77,1
258,2020-10-21,4,3,77,14
259,2021-03-19,17,3,78,18
260,2023-06-24,24,4,78,18
261,2023-05-17,20,1,78,2
262,2020-04-12,9,3,78,14
263,2020-08-05,9,1,79,8
264,2021-10-24,10,5,80,2
265,2021-09-29,20,3,80,15
266,2023-10-19,3,3,80,20
267,2020-02-18,16,5,80,10
268,2021-04-29,9,4,80,16
269,2020-06-19,31,4,80,3
270,2020-04-06,7,2,81,11
271,2020-04-09,31,3,81,11
272,2021-08-13,29,4,81,17
273,2021-03-05,26,4,81,12
274,2021-09-30,3,2,81,18
275,2022-02-14,30,2,82,12
276,2020-05-12,19,3,83,11
277,2023-03-25,6,4,83,6
278,2022-09-18,29,2,83,18
279,2023-11-04,2,3,83,21
280,2023-05-15,23,2,83,3
281,2021-06-09,8,2,84,1
282,2023-01-10,26,2,84,4
283,2023-02-17,29,3,84,4
284,2020-10-29,3,3,84,3
285,2021-09-10,19,5,84,21
286,2020-12-29,30,5,85,17
287,2023-03-16,26,3,85,6
288,2022-05-15,8,4,85,8
289,2020-05-24,31,3,85,17
290,2023-02-03,31,1,85,20
291,2021-01-30,5,4,86,5
292,2020-07-11,3,3,86,17
293,2023-08-23,21,2,86,4
294,2022-03-19,7,5,86,7
295,2020-05-11,19,1,86,19
296,2021-06-02,23,2,87,14
297,2021-06-09,32,4,87,11
298,2021-05-13,28,3,87,7
299,2021-02-18,31,1,87,8
300,2022-10-17,1,2,87,9
301,2020-04-01,14,1,88,20
302,2023-08-30,7,4,88,4
303,2022-06-03,8,4,88,2
304,2022-02-14,32,3,88,12
305,2022-04-30,15,5,88,19
306,2020-09-10,11,1,88,22
307,2021-04-16,26,1,89,15
308,2020-03-15,6,3,89,3
309,2022-06-25,13,3,90,10
310,2020-11-08,14,4,90,2
311,2023-04-02,18,5,90,15
312,2021-01-13,7,1,90,2
313,2020-06-10,32,5,90,20
314,2022-09-17,19,3,90,17
315,2023-09-21,4,3,91,19
316,2020-06-22,2,2,91,19
317,2021-08-14,4,4,92,13
318,2022-11-08,27,5,93,14
319,2020-08-29,31,1,93,20
320,2022-08-02,17,2,93,15
321,2021-10-02,32,5,93,6
322,2023-03-12,11,5,93,4
323,2020-10-30,21,4,93,7
324,2023-01-15,19,5,94,14
325,2023-09-28,29,5,94,17
326,2021-10-02,15,4,95,12
327,2020-09-04,15,2,95,13
328,2022-06-11,20,2,95,17
329,2020-03-12,31,1,96,8
330,2022-07-03,9,2,96,3
331,2022-10-15,27,3,97,20
332,2021-08-08,14,4,97,11
333,2020-06-10,28,3,98,2
334,2022-02-18,14,1,98,7
335,2020-09-07,6,4,98,10
336,2020-07-28,12,5,98,5
337,2020-11-08,24,4,98,9
338,2021-04-02,7,2,99,6
339,2022-05-15,28,2,99,22
340,2021-05-03,12,5,99,11
341,2022-07-01,19,2,99,19
342,2020-08-22,18,5,99,5
343,2023-11-21,16,1,99,10
344,2021-08-23,11,5,100,18
345,2021-01-07,30,1,100,5
346,2023-08-14,17,4,101,22
347,2023-06-18,1,5,101,10
348,2020-04-19,2,1,101,8
349,2022-08-24,7,2,101,20
350,2020-03-31,23,2,102,12
351,2021-02-15,19,1,102,12
352,2022-05-12,20,5,102,16
353,2021-10-14,6,1,102,10
354,2021-09-15,6,4,103,5
355,2021-04-02,17,5,103,10
356,2021-05-21,9,2,103,7
357,2022-09-04,12,2,103,14
358,2023-11-30,16,2,104,11
359,2021-07-08,5,3,104,10
360,2023-06-30,4,5,104,12
361,2020-12-20,7,2,104,22
362,2023-02-01,3,2,104,10
363,2022-06-18,8,5,105,21
364,2023-08-06,11,2,105,6
365,2021-04-08,25,3,105,16
366,2023-02-13,4,1,105,21
367,2022-06-19,18,2,105,15
368,2020-06-28,23,4,106,20
369,2022-07-07,2,3,107,10
370,2023-06-20,6,3,107,7
371,2022-02-14,26,1,107,13
372,2021-11-17,32,2,107,13
373,2022-11-27,2,2,107,5
374,2022-10-29,30,1,107,2
375,2021-07-23,13,5,108,20
376,2022-06-17,5,5,108,14
377,2022-03-02,14,2,108,10
378,2022-08-22,10,4,108,16
379,2020-06-15,26,3,109,6
380,2021-07-10,5,4,109,19
381,2020-07-14,19,2,110,21
382,2022-12-14,30,5,110,4
383,2020-11-08,30,5,110,13
384,2022-04-09,12,4,110,12
385,2022-07-15,13,3,111,5
386,2022-10-06,3,5,111,17
387,2020-04-04,26,2,112,16
388,2023-01-14,3,1,112,6
389,2020-08-30,27,2,113,21
390,2021-11-23,7,2,113,9
391,2021-11-03,4,4,113,7
392,2023-11-21,1,1,113,8
393,2022-02-08,30,3,113,4
394,2020-09-01,22,4,114,14
395,2020-10-23,18,3,114,12
396,2023-04-19,25,4,115,14
397,2020-03-14,17,2,115,11
398,2022-06-19,26,4,115,5
399,2020-05-06,31,2,115,11
400,2022-05-17,16,2,115,8
401,2023-07-04,29,4,116,18
402,2020-08-02,24,5,116,8
403,2021-08-07,7,3,116,18
404,2021-03-18,19,1,116,14
405,2022-07-31,4,2,116,14
406,2023-10-18,9,3,117,17
407,2023-07-08,21,5,117,22
408,2022-12-10,17,3,117,20
409,2021-08-20,10,4,117,15
410,2021-04-27,3,5,118,12
411,2021-06-30,26,5,118,6
412,2021-02-11,24,5,118,12
413,2021-11-18,13,5,119,7
414,2022-11-17,31,4,119,19
415,2020-02-07,2,1,119,11
416,2022-05-20,6,4,119,7
417,2021-11-11,17,4,119,1
418,2020-12-30,3,4,119,5
419,2020-08-18,21,3,120,14
420,2021-11-09,26,2,121,4
421,2021-11-22,26,3,121,12
422,2023-02-18,20,2,121,21
423,2023-12-10,7,2,121,14
424,2023-12-16,10,1,121,2
425,2021-08-24,18,2,121,21
426,2021-11-18,13,2,122,1
427,2022-11-29,6,4,122,13
428,2020-04-18,13,1,122,9
429,2023-05-27,12,4,122,17
430,2021-11-22,23,3,122,6
431,2023-06-21,4,1,122,22
432,2020-07-28,27,1,123,6
433,2020-01-18,11,2,124,18
434,2022-03-04,22,4,124,21
435,2021-06-22,10,3,124,16
436,2021-08-25,26,2,124,21
437,2022-10-13,8,1,125,7
438,2020-05-22,17,5,125,12
439,2022-05-27,4,4,126,17
440,2023-06-26,15,1,126,21
441,2021-04-05,24,3,127,12
442,2021-06-04,31,5,127,13
443,2021-02-09,31,5,127,12
444,2020-08-28,26,5,127,16
445,2022-02-15,18,3,127,15
446,2021-06-19,14,2,128,2
447,2021-02-10,29,3,128,3
448,2023-01-20,27,4,128,17
449,2023-07-12,14,5,128,21
450,2023-05-22,14,3,129,16
451,2020-01-22,21,2,129,11
452,2020-05-29,31,4,129,15
453,2021-05-25,5,5,129,15
454,2021-02-20,27,3,129,2
455,2021-03-04,18,5,130,6
456,2023-02-11,17,5,130,18
457,2020-06-19,22,4,130,11
458,2020-12-11,22,3,131,14
459,2023-02-25,19,5,131,4
460,2022-09-07,26,2,131,20
461,2020-06-07,22,5,131,5
462,2021-01-22,4,4,131,11
463,2020-01-18,29,2,132,15
464,2021-03-22,15,2,133,20
465,2022-11-05,32,1,133,14
466,2023-05-17,14,4,133,21
467,2021-01-23,28,5,134,5
468,2020-01-16,18,5,134,1
469,2020-07-14,27,3,134,3
470,2022-12-25,3,5,134,1
471,2021-09-29,28,1,134,7
472,2021-11-16,4,2,134,16
473,2022-05-23,5,2,135,5
474,2020-12-07,2,1,136,13
475,2022-05-01,25,1,136,12
476,2022-02-24,22,5,136,9
477,2023-06-08,28,2,137,10
478,2021-04-18,4,2,137,16
479,2021-11-08,16,2,137,10
480,2023-05-27,2,1,137,2
481,2022-04-06,19,5,137,5
482,2022-03-04,24,1,138,11
483,2020-06-09,12,3,139,8
484,2020-06-08,32,3,139,11
485,2023-06-27,24,5,139,9
486,2021-07-22,13,2,140,11
487,2021-05-06,4,2,140,7
488,2021-01-28,32,4,140,11
489,2022-08-03,4,5,141,5
490,2021-03-10,13,3,141,4
491,2021-06-05,13,5,142,20
492,2020-05-31,12,4,142,13
493,2020-10-18,20,3,142,11
494,2022-10-24,3,1,142,4
495,2020-02-04,1,4,142,11
496,2022-09-05,27,1,142,19
497,2020-11-25,30,1,143,7
498,2022-06-06,23,3,143,3
499,2020-03-01,5,4,143,18
500,2023-07-10,31,3,143,15
501,2023-02-13,9,4,143,4
502,2021-11-29,29,3,143,18
503,2020-02-17,14,4,144,13
504,2023-12-11,27,4,144,6
505,2021-07-20,13,4,144,20
506,2022-02-04,13,3,144,8
507,2023-10-07,15,1,144,15
508,2022-08-22,15,1,145,17
509,2022-09-25,14,5,145,9
510,2021-01-15,31,5,145,11
511,2022-10-03,15,3,145,8
512,2023-01-09,12,1,145,5
513,2023-04-30,20,1,146,16
514,2020-07-08,8,2,146,7
515,2023-07-07,16,5,147,17
516,2022-07-22,21,5,147,13
517,2022-04-21,12,2,147,8
518,2021-09-27,29,4,147,3
519,2023-04-02,29,2,147,19
520,2020-12-26,8,3,147,6
521,2023-12-15,25,1,148,9
522,2022-05-07,13,2,148,6
523,2022-10-05,3,5,148,4
524,2022-03-14,12,2,148,10
525,2021-08-02,30,2,149,9
526,2021-02-06,11,5,149,13
527,2023-05-24,8,1,149,10
528,2022-01-23,4,4,149,22
529,2021-12-01,18,4,149,12
530,2021-07-23,20,2,149,4
531,2023-04-23,9,2,150,4
532,2022-07-22,29,4,151,18
533,2023-10-23,12,3,151,12
534,2021-12-24,21,4,151,8
535,2022-12-19,2,5,151,13
536,2021-08-08,22,5,151,13
537,2021-05-08,29,2,152,18
538,2022-12-03,18,2,152,7
539,2022-05-15,3,3,152,16
540,2021-02-14,21,5,152,4
541,2022-11-03,26,4,152,16
542,2023-01-15,28,4,153,21
543,2021-07-03,1,5,153,8
544,2022-08-03,21,5,153,20
545,2021-05-12,15,4,153,8
546,2023-01-05,20,3,153,22
547,2020-10-06,1,4,154,7
548,2020-11-15,14,2,154,15
549,2021-11-17,1,1,154,11
550,2023-03-05,15,3,154,11
551,2023-01-12,22,1,154,6
552,2020-03-01,17,3,155,18
553,2022-08-09,13,5,155,7
554,2020-11-06,6,3,155,15
555,2020-12-11,16,5,155,10
556,2023-09-05,13,1,155,20
557,2023-05-16,9,3,155,6
558,2022-02-09,14,1,156,16
559,2023-07-13,30,4,156,22
560,2020-10-17,17,1,156,21
561,2023-06-06,8,4,157,6
562,2021-08-01,4,3,157,19
563,2023-03-18,2,5,157,8
564,2020-04-08,5,3,157,21
565,2021-02-12,4,3,157,19
566,2022-03-01,30,1,158,21
567,2021-07-22,31,2,158,11
568,2023-10-15,8,3,158,8
569,2021-08-05,15,2,158,1
570,2023-10-21,25,4,158,8
571,2021-06-17,29,3,159,22
572,2020-02-06,28,3,159,1
573,2020-11-10,9,1,159,3
574,2022-05-17,9,5,159,6
575,2022-05-11,9,1,159,11
576,2021-07-16,18,3,159,2
577,2020-07-20,15,1,160,5
578,2021-05-09,23,3,161,14
579,2022-09-03,1,3,161,20
580,2020-07-20,29,2,161,3
581,2022-03-02,21,4,161,13
582,2023-04-02,7,3,162,12
583,2022-04-14,1,1,162,2
584,2021-01-02,24,2,162,6
585,2020-07-29,12,3,162,5
586,2021-04-18,24,5,163,7
587,2020-09-22,28,3,164,17
588,2021-12-25,23,2,164,20
589,2022-06-22,7,3,164,16
590,2021-04-22,6,5,164,21
591,2023-07-20,21,5,165,16
592,2022-11-20,9,4,165,18
593,2023-12-18,23,3,165,3
594,2021-01-02,29,3,165,17
595,2021-08-17,9,5,166,6
596,2021-10-06,23,4,166,13
597,2020-02-14,8,4,166,5
598,2022-04-08,15,4,166,10
599,2021-08-14,8,2,166,2
600,2023-10-02,1,1,166,1
601,2020-08-31,18,2,167,11
602,2020-12-19,27,2,167,6
603,2023-01-25,3,5,167,14
604,2020-04-21,32,2,167,11
605,2022-01-21,20,3,167,10
606,2022-05-13,28,1,167,20
607,2020-09-28,21,5,168,19
608,2023-05-19,11,3,168,17
609,2022-11-12,8,1,168,20
610,2022-06-20,26,5,169,16
611,2023-12-07,1,3,169,10
612,2023-10-10,26,5,169,9
613,2022-08-29,28,1,169,11
614,2021-12-17,26,3,169,21
615,2023-07-23,30,4,170,7
616,2021-04-16,27,2,170,13
617,2020-10-16,20,4,170,6
618,2022-03-21,31,1,170,11
619,2020-07-04,8,2,171,11
620,2021-04-04,30,5,171,7
621,2023-08-03,24,1,171,19
622,2022-10-21,27,1,171,2
623,2022-01-08,26,3,171,8
624,2023-11-09,6,5,171,1
625,2022-09-11,26,5,172,14
626,2020-02-14,13,4,172,3
627,2020-07-25,18,5,172,10
628,2023-02-08,21,1,172,4
629,2020-06-05,29,4,172,15
630,2023-12-19,31,4,173,19
631,2021-04-12,3,2,173,3
632,2021-01-28,13,2,173,19
633,2023-03-21,32,5,173,3
634,2023-07-30,16,1,173,20
635,2022-04-12,13,3,173,2
636,2022-05-24,21,3,174,3
637,2023-11-15,12,2,174,3
638,2020-10-14,12,5,174,13
639,2023-12-22,21,1,175,12
640,2023-12-19,20,3,175,2
641,2022-12-13,16,4,175,18
642,2022-12-12,7,1,175,9
643,2020-11-29,14,2,175,21
644,2020-07-15,13,1,176,19
645,2020-03-16,1,3,176,21
646,2021-02-19,30,2,176,14
647,2022-06-18,7,1,176,4
648,2022-08-24,23,5,176,3
649,2023-03-10,9,5,177,3
650,2021-12-26,8,1,178,14
651,2023-01-09,11,1,179,3
652,2022-03-21,6,2,179,9
653,2022-04-08,24,5,180,11
654,2020-01-06,26,5,180,2
655,2023-09-01,21,1,180,3
656,2023-12-02,11,3,181,15
657,2020-09-15,22,3,181,17
658,2022-12-02,7,5,181,6
659,2021-08-07,25,4,182,11
660,2021-08-29,11,3,182,6
661,2021-11-09,5,5,182,5
662,2021-04-13,7,4,183,21
663,2022-01-19,9,4,184,4
664,2020-09-16,21,5,185,18
665,2020-11-28,19,4,185,4
666,2023-04-24,4,2,186,10
667,2020-01-17,21,1,186,2
668,2021-10-06,3,1,186,1
669,2021-05-27,26,4,186,7
670,2021-04-13,17,5,187,18
671,2022-04-02,18,4,188,18
672,2020-11-08,13,4,188,22
673,2022-08-06,31,1,188,13
674,2022-07-18,5,4,188,16
675,2023-06-20,12,4,189,2
676,2023-12-26,23,1,189,4
677,2021-12-05,1,3,190,21
678,2020-10-19,32,2,191,18
679,2021-11-29,13,5,191,7
680,2021-11-20,27,5,192,10
681,2023-08-18,3,3,192,19
682,2021-04-15,12,1,192,21
683,2021-04-19,27,4,193,13
684,2020-01-26,12,3,193,17
685,2022-11-07,12,2,193,8
686,2023-08-10,8,5,193,1
687,2021-07-18,22,3,193,15
688,2022-08-20,1,3,194,20
689,2021-02-06,4,2,194,22
690,2021-02-27,31,5,194,9
691,2022-03-12,12,3,195,9
692,2020-03-30,23,2,195,18
693,2022-02-15,6,3,196,21
694,2021-08-01,15,5,197,1
695,2022-08-26,16,4,197,11
696,2022-07-17,26,2,197,17
697,2022-06-23,21,2,198,7
698,2021-12-01,24,3,199,21
699,2020-10-09,11,3,199,13
700,2023-11-07,19,4,200,14
701,2021-02-07,10,5,200,1
702,2023-06-24,8,4,200,9
703,2021-05-06,13,4,200,2
704,2023-08-24,24,2,200,20
705,2021-09-18,18,5,200,3
706,2023-09-20,20,3,201,7
707,2022-12-15,15,5,201,1
708,2021-02-06,7,4,201,12
709,2022-05-14,4,1,201,16
710,2023-10-25,4,2,201,16
711,2022-03-30,21,3,202,3
712,2021-05-21,9,2,202,21
713,2020-04-15,1,5,202,10
714,2020-02-19,24,1,202,17
715,2023-04-03,27,2,202,19
716,2022-05-12,24,1,203,3
717,2021-08-29,12,2,203,7
718,2023-09-13,9,2,203,5
719,2022-04-05,21,3,203,4
720,2020-03-16,19,3,203,11
721,2022-09-27,7,1,203,11
722,2020-09-03,3,5,204,2
723,2023-05-29,26,5,204,9
724,2021-05-20,9,3,204,8
725,2023-05-16,29,2,204,12
726,2023-09-29,5,3,204,4
727,2022-08-09,12,4,204,16
728,2022-03-13,13,4,205,5
729,2023-08-29,30,1,205,11
730,2023-06-09,29,1,206,11
731,2023-01-23,9,2,206,22
732,2023-06-13,32,3,206,21
733,2021-05-22,14,2,206,12
734,2021-03-16,27,5,206,20
735,2020-04-18,29,1,206,6
736,2023-08-05,31,2,207,6
737,2021-03-28,27,5,207,8
738,2021-04-28,15,3,208,13
739,2022-06-22,32,3,208,6
740,2023-02-20,15,5,208,22
741,2021-03-22,19,4,208,12
742,2021-03-17,6,5,208,21
743,2023-08-03,6,3,209,17
744,2020-12-25,15,1,209,14
745,2021-07-30,20,2,210,8
746,2020-01-12,4,5,210,15
747,2020-11-22,6,3,210,13
748,2022-11-26,3,1,210,4
749,2021-09-16,13,4,210,6
750,2022-03-29,32,2,210,15
751,2021-01-28,18,2,211,17
752,2021-11-21,29,5,211,5
753,2022-12-28,4,4,212,10
754,2020-10-03,27,2,213,11
755,2023-09-02,8,5,213,19
756,2023-08-29,21,1,213,2
757,2021-10-28,31,1,213,16
758,2023-12-13,16,5,213,19
759,2022-09-29,1,2,213,9
760,2020-09-20,14,4,214,13
761,2020-06-01,24,3,214,10
762,2023-07-19,19,3,214,5
763,2020-06-28,15,4,214,14
764,2022-03-09,23,5,215,19
765,2022-04-09,6,5,215,16
766,2021-07-21,5,3,215,12
767,2023-03-27,9,5,215,13
768,2021-08-25,3,5,216,10
769,2021-03-05,22,4,216,18
770,2022-10-17,21,1,216,9
771,2021-06-17,29,1,216,20
772,2022-08-25,11,5,216,5
773,2022-01-02,25,2,216,5
774,2023-12-14,8,5,217,3
775,2023-02-24,32,1,217,6
776,2021-06-26,6,2,217,17
777,2021-01-26,17,2,218,10
778,2023-11-09,20,4,219,10
779,2022-12-07,32,2,220,6
780,2022-10-24,31,3,220,12
781,2020-02-17,1,3,220,2
782,2020-03-07,30,3,221,7
783,2022-01-02,2,5,221,22
784,2023-07-11,18,3,221,13
785,2022-10-12,22,5,221,8
786,2020-04-17,1,1,221,9
787,2021-02-22,24,3,222,21
788,2023-06-15,23,3,223,21
789,2021-08-29,21,2,223,11
790,2021-08-12,10,1,224,15
791,2022-04-08,10,4,224,5
792,2023-11-03,29,2,224,18
793,2023-07-07,28,1,225,1
794,2022-11-26,2,4,225,8
795,2021-07-19,31,5,226,1
796,2020-04-12,20,1,226,16
797,2023-06-04,17,3,227,7
798,2023-06-16,6,2,227,15
799,2022-07-31,7,4,228,20
800,2022-03-20,15,1,228,4
801,2022-10-04,9,1,228,5
802,2020-07-03,17,4,228,5
803,2021-02-06,26,2,228,2
804,2022-10-31,21,5,229,10
805,2022-08-05,26,5,230,12
806,2021-12-27,10,4,230,18
807,2023-09-14,10,3,230,20
808,2021-05-01,26,3,230,2
809,2020-08-01,31,1,230,9
810,2023-10-18,19,3,231,14
811,2022-12-11,8,5,232,1
812,2022-06-15,22,1,232,20
813,2020-04-23,2,4,232,17
814,2023-06-25,7,3,232,4
815,2021-12-16,22,1,233,12
816,2022-10-15,22,1,233,16
817,2020-06-28,14,3,233,1
818,2020-03-28,10,4,234,17
819,2022-10-24,25,3,234,10
820,2022-06-25,8,5,235,5
821,2021-09-14,3,2,235,14
822,2022-09-18,10,1,235,20
823,2021-05-17,17,5,235,2
824,2022-05-16,6,3,236,7
825,2020-05-21,25,2,237,5
826,2020-03-06,20,3,237,22
827,2022-11-30,6,2,237,4
828,2022-01-15,23,2,237,18
829,2020-01-12,12,2,237,21
830,2020-03-14,19,4,238,9
831,2023-02-09,31,5,238,11
832,2022-11-01,29,2,238,16
833,2022-06-08,13,1,238,22
834,2023-06-20,8,3,238,21
835,2020-04-13,18,2,238,18
836,2021-06-25,29,5,239,13
837,2022-01-17,22,2,239,18
838,2022-12-28,10,4,239,9
839,2023-03-13,24,2,239,12
840,2021-12-28,24,3,239,13
841,2023-07-28,27,2,239,1
842,2022-02-15,3,5,240,22
843,2023-04-03,27,5,240,21
844,2020-06-02,31,5,240,14
845,2023-07-01,18,4,241,1
846,2020-04-22,3,4,241,18
847,2021-06-22,14,4,241,12
848,2022-12-19,25,4,242,19
849,2023-09-04,13,1,243,14
850,2021-03-06,19,4,243,3
851,2021-04-25,30,5,243,21
852,2021-06-08,11,4,243,13
853,2020-10-27,24,1,243,4
854,2020-09-29,30,2,243,8
855,2021-05-23,18,2,244,2
856,2022-06-17,25,5,244,6
857,2023-09-28,17,5,244,10
858,2020-03-12,16,1,244,8
859,2020-05-03,26,2,245,7
860,2020-10-05,13,2,245,20
861,2021-06-17,32,1,246,3
862,2021-09-17,21,1,247,22
863,2022-12-05,8,4,247,19
864,2020-05-27,25,5,247,14
865,2020-12-15,29,2,247,9
866,2023-10-27,16,5,248,16
867,2021-10-15,7,4,249,16
868,2021-10-17,12,3,249,18
869,2021-10-31,16,4,249,7
870,2021-03-27,17,4,250,1
871,2022-12-12,23,2,250,3
872,2021-09-14,20,4,251,6
873,2021-04-24,32,5,251,12
874,2023-01-04,12,2,251,22
875,2023-05-15,31,4,251,10
876,2020-05-29,12,2,252,19
877,2023-08-21,1,5,253,7
878,2021-05-07,7,2,253,19
879,2023-07-24,21,5,254,10
880,2021-05-11,3,4,254,15
881,2022-11-30,17,5,255,8
882,2020-05-31,9,5,255,18
883,2022-07-28,23,5,256,18
884,2020-04-19,3,1,256,4
885,2022-09-07,26,4,256,11
886,2020-03-07,8,3,257,7
887,2023-12-16,25,4,257,1
888,2020-10-27,13,4,257,1
889,2022-07-24,23,5,258,12
890,2022-11-12,11,5,258,1
891,2022-12-13,2,4,258,22
892,2021-07-24,21,1,258,19
893,2023-09-02,24,2,258,16
894,2020-07-25,3,1,258,19
895,2023-04-13,30,1,259,20
896,2023-06-16,17,1,259,1
897,2021-04-05,23,4,260,19
898,2022-02-07,28,4,260,22
899,2020-05-18,25,3,260,19
900,2021-10-05,8,3,261,20
901,2022-12-21,1,5,261,9
902,2020-07-29,14,4,261,6
903,2020-11-24,21,5,261,4
904,2023-11-15,29,2,262,17
905,2022-02-11,2,1,262,9
906,2020-10-23,1,5,263,9
907,2021-12-21,11,5,263,21
908,2021-11-18,27,3,263,20
909,2021-04-22,13,3,263,22
910,2021-01-08,23,1,263,17
911,2022-11-08,12,4,264,21
912,2020-08-25,6,2,264,10
913,2023-03-01,7,1,264,16
914,2020-06-24,22,4,264,14
915,2020-12-29,16,4,264,11
916,2021-06-16,3,1,265,11
917,2023-05-10,7,1,265,18
918,2020-10-11,14,4,266,19
919,2022-04-16,1,4,266,20
920,2022-07-20,30,2,266,6
921,2020-04-01,9,4,266,16
922,2020-08-06,5,5,267,20
923,2020-07-09,17,1,267,12
924,2020-12-15,17,1,267,21
925,2020-02-18,16,3,267,14
926,2021-03-07,5,2,267,6
927,2022-05-10,24,1,267,4
928,2023-08-13,22,1,268,4
929,2020-04-02,12,4,268,20
930,2022-11-16,7,1,269,19
931,2022-06-17,29,2,269,5
932,2022-12-24,24,3,269,9
933,2021-02-21,20,4,270,8
934,2022-09-11,31,4,271,13
935,2020-02-15,13,2,271,4
936,2022-03-09,10,5,271,20
937,2023-09-26,14,3,271,14
938,2022-05-29,9,4,271,14
939,2020-12-30,13,4,272,3
940,2020-02-24,1,5,272,12
941,2022-12-19,10,3,273,3
942,2020-08-02,8,3,274,16
943,2020-01-06,10,4,274,20
944,2022-10-09,29,2,274,15
945,2020-06-02,21,5,274,8
946,2022-01-08,31,2,274,15
947,2022-07-30,4,3,275,19
948,2022-10-12,15,2,276,19
949,2022-04-06,20,3,276,22
950,2020-05-22,27,2,276,11
951,2020-08-25,11,4,276,22
952,2020-09-07,5,3,276,1
953,2023-05-17,2,5,276,2
954,2021-11-08,10,1,277,1
955,2023-05-19,10,1,277,10
956,2023-07-24,27,5,278,7
957,2020-02-28,16,1,278,18
958,2022-04-08,17,5,278,17
959,2022-07-22,7,4,278,12
960,2022-05-23,16,4,279,17
961,2022-10-24,10,3,279,11
962,2023-01-13,16,1,279,16
963,2021-07-08,16,2,279,15
964,2021-10-08,1,4,280,1
965,2023-11-23,32,2,280,22
966,2020-03-09,13,5,280,8
967,2021-08-07,16,4,280,7
968,2022-02-10,30,4,280,1
969,2021-10-04,29,4,280,12
970,2020-03-24,23,2,281,10
971,2023-10-05,2,2,281,15
972,2023-05-28,19,4,281,11
973,2023-10-15,7,3,282,11
974,2021-08-29,11,4,282,14
975,2021-01-06,30,4,282,12
976,2021-07-04,9,2,282,20
977,2020-12-15,20,4,283,4
978,2021-07-07,6,5,283,14
979,2020-10-15,15,5,284,17
980,2022-12-07,12,4,284,15
981,2023-11-28,18,5,284,1
982,2023-05-20,18,1,284,13
983,2022-07-15,16,3,284,4
984,2021-01-16,1,5,284,2
985,2021-03-28,3,2,285,10
986,2020-03-23,25,3,286,19
987,2022-09-30,30,5,286,5
988,2022-01-20,13,4,287,12
989,2023-06-12,21,4,287,10
990,2023-10-14,7,4,288,11
991,2021-10-01,31,5,288,10
992,2020-11-22,18,2,288,13
993,2022-08-17,19,5,288,22
994,2022-08-09,27,4,288,10
995,2023-06-13,25,3,289,8
996,2023-05-28,24,3,289,20
997,2021-02-01,2,4,289,8
998,2022-02-27,9,5,289,2
999,2022-03-20,23,3,290,6
1000,2022-06-21,9,5,290,3
1001,2020-06-18,21,2,290,16
1002,2021-05-19,20,3,291,10
1003,2023-06-06,20,1,291,11
1004,2023-02-20,30,5,291,9
1005,2020-05-12,25,1,291,8
1006,2021-12-13,25,4,292,22
1007,2021-06-09,13,4,292,5
1008,2021-12-24,11,4,292,12
1009,2021-07-19,16,3,293,1
1010,2020-07-30,16,3,293,13
1011,2023-04-07,29,1,294,18
1012,2021-01-29,16,3,295,11
1013,2021-12-03,14,4,295,18
1014,2022-03-03,27,3,295,15
1015,2023-09-21,22,4,296,22
1016,2023-10-31,5,3,296,13
1017,2023-01-24,20,2,296,2
1018,2021-02-24,3,4,296,6
1019,2020-02-01,30,3,297,12
1020,2020-09-24,27,2,297,9
1021,2023-04-04,23,2,297,22
1022,2022-12-28,24,5,297,20
1023,2020-10-06,21,5,297,22
1024,2021-05-19,6,3,297,8
1025,2023-07-10,12,5,298,15
1026,2022-02-16,13,2,298,1
1027,2022-10-05,21,4,298,4
1028,2020-03-16,10,3,298,5
1029,2020-12-28,8,4,298,5
1030,2022-06-10,22,5,299,7
1031,2023-10-03,32,1,299,12
1032,2022-09-20,14,5,300,16
1033,2022-08-27,22,2,300,8
1034,2022-02-27,6,4,301,10
1035,2023-07-28,22,3,301,21
1036,2022-12-12,26,4,301,3
1037,2023-07-30,29,5,302,8
1038,2022-11-25,20,3,302,18
1039,2021-08-11,20,1,303,20
1040,2022-04-14,16,4,303,22
1041,2023-08-16,29,1,303,22
1042,2020-03-19,26,5,304,19
1043,2020-11-19,29,2,304,22
1044,2022-02-23,6,3,304,14
1045,2023-07-31,27,5,304,7
1046,2021-07-08,20,3,304,9
1047,2020-09-19,11,1,304,19
1048,2021-06-12,27,4,305,2
1049,2023-07-22,6,4,305,21
1050,2020-10-05,31,2,306,20
1051,2020-05-28,29,5,306,18
1052,2021-08-18,30,4,306,22
1053,2020-03-26,8,3,307,1
1054,2022-04-25,20,1,307,22
1055,2021-08-26,13,3,307,22
1056,2020-09-30,14,5,307,8
1057,2023-09-29,17,5,308,11
1058,2022-08-11,25,1,308,21
1059,2021-12-28,4,3,308,8
1060,2021-02-09,3,3,309,13
1061,2020-04-16,8,4,309,8
1062,2021-06-30,8,1,309,9
1063,2023-06-07,17,4,309,9
1064,2021-10-15,8,2,309,13
1065,2022-06-23,16,2,309,12
1066,2021-01-03,9,4,310,22
1067,2021-12-25,7,3,311,19
1068,2021-12-23,27,5,312,4
1069,2023-01-06,20,4,312,12
1070,2021-01-22,7,4,312,20
1071,2020-02-05,12,3,313,7
1072,2022-09-21,32,2,313,18
1073,2021-09-10,18,3,313,14
1074,2021-10-13,29,5,313,22
1075,2023-03-26,7,1,313,11
1076,2022-03-22,30,4,313,3
1077,2022-06-27,3,5,314,10
1078,2021-07-28,18,4,315,22
1079,2021-04-06,15,2,315,15
1080,2021-11-06,32,2,315,5
1081,2022-06-21,16,1,316,19
1082,2021-04-25,17,3,316,20
1083,2022-12-29,16,3,316,22
1084,2022-01-27,13,4,316,6
1085,2020-10-31,29,3,316,7
1086,2020-12-05,26,2,317,6
1087,2023-04-03,13,4,317,14
1088,2021-11-13,16,5,317,19
1089,2023-03-19,8,2,317,18
1090,2021-09-17,30,5,318,14
1091,2020-04-24,7,4,318,6
1092,2022-12-22,24,5,318,15
1093,2022-07-20,5,5,318,16
1094,2022-02-16,11,2,318,9
1095,2021-11-23,6,3,318,20
1096,2020-06-20,26,2,319,21
1097,2021-08-06,23,4,319,21
1098,2021-09-29,14,2,320,2
1099,2022-08-29,16,4,320,9
1100,2020-01-06,17,1,320,19
1101,2020-11-08,17,5,320,9
1102,2022-01-20,6,5,320,6
1103,2023-07-27,29,4,320,14
1104,2023-03-18,19,5,321,7
1105,2022-01-02,24,1,321,4
1106,2023-02-16,1,1,321,8
1107,2022-08-12,22,2,321,1
1108,2023-09-06,9,5,321,7
1109,2023-09-26,3,2,322,1
1110,2022-01-02,29,3,322,20
1111,2021-03-18,16,1,322,3
1112,2023-09-30,7,1,322,5
1113,2023-12-11,16,2,323,10
1114,2023-02-21,2,4,323,16
1115,2022-06-12,2,1,323,3
1116,2021-12-22,9,3,324,16
1117,2023-06-17,30,1,324,15
1118,2022-10-20,24,1,324,16
1119,2022-03-18,24,4,324,8
1120,2021-09-06,4,2,324,9
1121,2020-10-18,18,2,325,1
1122,2023-01-09,2,1,325,10
1123,2021-12-30,13,3,325,3
1124,2021-02-15,20,3,326,10
1125,2020-01-11,23,1,326,15
1126,2022-12-04,22,2,327,17
1127,2023-04-03,31,4,327,4
1128,2020-04-14,6,3,327,18
1129,2020-04-10,16,4,327,10
1130,2022-04-08,23,2,328,13
1131,2020-11-30,12,1,328,11
1132,2020-12-01,24,3,328,2
1133,2022-01-07,22,1,328,15
1134,2022-12-21,32,3,328,14
1135,2021-05-18,3,1,328,12
1136,2020-01-25,17,1,329,11
1137,2022-03-02,30,4,329,9
1138,2022-12-14,32,4,329,13
1139,2023-06-03,12,2,329,12
1140,2023-07-08,1,3,329,20
1141,2022-10-25,26,4,329,22
1142,2021-03-20,4,5,330,15
1143,2022-11-29,22,2,330,19
1144,2021-03-09,20,1,330,15
1145,2021-12-14,1,4,330,20
1146,2023-08-05,21,3,331,16
1147,2020-03-29,19,2,331,22
1148,2022-10-21,23,5,331,2
1149,2021-02-06,16,1,331,6
1150,2020-07-01,13,2,331,3
1151,2023-06-02,23,4,331,3
1152,2021-04-21,7,2,332,9
1153,2021-07-20,7,5,332,21
1154,2020-01-09,25,3,332,15
1155,2021-03-18,8,3,332,22
1156,2021-12-04,32,3,332,17
1157,2020-04-13,2,4,332,6
1158,2023-06-24,12,3,333,11
1159,2023-11-25,10,5,333,20
1160,2020-07-23,26,1,334,17
1161,2022-10-03,21,3,334,3
1162,2023-01-07,2,1,334,9
1163,2022-10-23,18,4,334,17
1164,2023-07-30,31,5,334,4
1165,2022-08-08,17,4,335,3
1166,2020-04-08,11,5,336,4
1167,2020-03-18,29,3,336,1
1168,2020-04-24,18,2,337,1
1169,2020-01-27,12,1,337,11
1170,2020-08-27,17,5,338,10
1171,2023-12-13,30,5,338,18
1172,2022-11-16,3,2,338,1
1173,2022-12-08,24,4,339,5
1174,2022-05-29,23,5,339,15
1175,2021-05-23,12,2,339,13
1176,2022-03-25,30,5,339,17
1177,2020-05-19,19,2,339,20
1178,2020-12-24,28,5,339,7
1179,2022-11-24,23,2,340,14
1180,2021-09-28,18,4,340,15
1181,2023-02-12,13,5,340,19
1182,2022-05-18,11,4,340,17
1183,2020-07-29,2,3,340,7
1184,2021-03-08,7,3,340,19
1185,2022-06-25,16,4,341,9
1186,2023-12-23,10,5,342,20
1187,2022-06-30,9,3,342,18
1188,2020-03-12,9,1,342,22
1189,2021-04-03,26,4,342,18
1190,2021-08-03,21,4,343,17
1191,2021-01-12,8,3,344,3
1192,2021-01-29,22,2,344,2
1193,2022-10-03,9,1,344,14
1194,2022-10-25,28,2,344,20
1195,2020-03-16,16,3,345,17
1196,2021-09-20,23,5,345,18
1197,2023-05-14,6,5,345,12
1198,2020-11-16,24,4,346,4
1199,2020-11-08,16,2,346,15
1200,2021-01-08,15,1,346,1
1201,2022-10-25,13,4,347,10
1202,2020-09-28,22,2,348,22
1203,2020-04-09,24,1,348,15
1204,2020-01-18,12,2,348,9
1205,2021-06-18,2,2,349,6
1206,2021-11-27,24,4,349,11
1207,2020-09-23,31,1,349,8
1208,2023-11-13,32,2,349,18
1209,2023-04-22,18,1,349,2
1210,2022-06-07,1,1,349,16
1211,2022-06-20,24,2,350,8
1212,2023-11-05,21,4,350,22
1213,2023-04-23,21,2,350,12
1214,2021-05-03,9,1,351,2
1215,2020-03-24,13,4,352,20
1216,2023-11-05,18,4,352,19
1217,2023-08-12,10,1,352,7
1218,2021-03-24,8,2,353,13
1219,2021-07-14,19,4,353,4
1220,2023-04-26,17,1,354,18
1221,2023-03-30,4,1,354,5
1222,2022-10-29,24,2,354,13
1223,2020-10-18,17,5,355,20
1224,2023-01-24,8,5,355,6
1225,2021-03-01,12,5,355,19
1226,2022-12-27,13,1,355,21
1227,2020-09-06,18,3,355,12
1228,2021-11-13,6,3,356,13
1229,2021-01-24,22,4,357,19
1230,2021-12-05,29,5,357,20
1231,2021-11-16,11,1,357,19
1232,2023-03-11,23,4,358,15
1233,2023-08-05,8,4,358,3
1234,2021-12-20,11,2,358,8
1235,2021-08-26,9,3,358,5
1236,2020-12-21,12,1,358,11
1237,2022-11-14,13,4,358,10
1238,2022-04-10,23,5,359,20
1239,2020-05-09,24,3,360,5
1240,2023-05-28,7,4,360,14
1241,2022-01-09,27,2,360,4
1242,2023-10-29,17,1,360,2
1243,2022-12-15,15,1,360,19
1244,2023-06-18,15,4,361,15
1245,2022-02-21,23,1,361,8
1246,2023-12-03,25,4,361,13
1247,2020-12-12,3,5,361,9
1248,2022-11-10,27,5,361,6
1249,2023-02-14,6,3,362,13
1250,2022-08-06,31,4,362,11
1251,2023-07-19,17,1,362,5
1252,2020-08-29,14,4,362,10
1253,2021-11-09,30,4,362,17
1254,2023-01-12,24,3,363,3
1255,2022-06-15,11,3,364,18
1256,2022-01-10,1,5,364,14
1257,2020-02-26,28,3,364,2
1258,2020-02-23,15,3,364,8
1259,2023-12-20,17,2,365,7
1260,2023-05-02,29,5,365,6
1261,2020-05-22,14,5,366,13
1262,2021-01-25,25,4,366,6
1263,2023-03-27,1,3,367,12
1264,2023-10-15,5,1,367,19
1265,2022-10-19,30,3,367,19
1266,2020-02-17,31,5,367,5
1267,2020-06-26,11,2,367,10
1268,2023-09-30,2,1,368,7
1269,2022-08-07,4,2,368,18
1270,2022-12-21,8,1,368,20
1271,2022-06-26,29,4,368,9
1272,2022-01-17,2,5,368,15
1273,2020-08-04,15,1,369,7
1274,2021-01-29,24,4,370,5
1275,2021-03-04,29,4,371,17
1276,2021-10-28,19,5,371,21
1277,2023-06-26,28,3,371,16
1278,2021-02-28,6,5,371,9
1279,2023-08-23,17,3,371,18
1280,2023-03-24,29,3,371,9
1281,2020-08-17,12,2,372,15
1282,2023-08-31,6,5,372,9
1283,2023-02-01,16,3,372,12
1284,2020-12-23,11,5,373,10
1285,2022-11-13,5,1,373,4
1286,2022-11-27,17,5,374,7
1287,2020-09-08,30,5,375,17
1288,2020-01-17,22,3,376,16
1289,2022-08-27,20,3,376,19
1290,2022-05-20,8,5,376,16
1291,2023-10-06,21,4,376,9
1292,2020-07-16,21,1,376,10
1293,2021-03-27,27,5,376,16
1294,2021-05-05,12,2,377,5
1295,2022-08-18,6,2,377,13
1296,2020-04-08,11,5,377,9
1297,2021-01-04,26,5,377,5
1298,2023-04-13,7,2,377,4
1299,2023-01-28,25,2,378,15
1300,2023-03-25,19,5,378,7
1301,2021-01-22,4,4,378,16
1302,2022-12-16,3,1,378,12
1303,2023-09-21,2,3,378,6
1304,2020-04-24,32,5,379,13
1305,2020-03-15,25,4,379,12
1306,2020-12-23,21,3,379,11
1307,2021-10-26,7,5,379,11
1308,2022-04-05,2,1,379,13
1309,2021-10-24,6,4,379,6
1310,2022-04-23,9,5,380,9
1311,2020-02-03,21,5,380,22
1312,2023-08-07,22,4,380,19
1313,2020-04-03,31,3,380,12
1314,2023-12-19,12,1,381,18
1315,2023-11-27,2,3,381,20
1316,2021-10-11,9,5,381,2
1317,2020-12-01,27,4,381,16
1318,2022-12-09,1,4,381,20
1319,2023-02-22,13,3,381,19
1320,2023-04-09,11,1,382,6
1321,2023-04-10,21,5,382,8
1322,2020-07-19,22,4,382,21
1323,2020-02-26,31,5,382,4
1324,2023-02-09,21,5,382,5
1325,2021-11-14,6,1,382,18
1326,2022-07-10,18,1,383,11
1327,2022-05-15,12,1,383,2
1328,2022-10-29,19,3,383,6
1329,2023-12-20,31,4,383,14
1330,2023-01-22,11,3,383,14
1331,2021-07-08,9,5,383,16
1332,2022-07-26,29,5,384,6
1333,2022-07-16,8,1,384,20
1334,2023-07-19,3,2,384,11
1335,2022-10-19,30,4,384,2
1336,2023-08-02,25,1,384,7
1337,2021-07-27,14,4,384,12
1338,2023-06-26,1,2,385,11
1339,2020-07-21,21,3,385,20
1340,2021-11-25,3,4,385,21
1341,2020-03-22,2,2,385,7
1342,2021-02-26,29,4,386,18
1343,2021-04-19,19,4,386,4
1344,2020-04-11,17,5,386,18
1345,2022-07-08,9,5,386,16
1346,2022-07-11,13,1,387,6
1347,2023-05-02,29,1,387,18
1348,2023-02-16,19,1,387,14
1349,2022-04-18,32,3,387,14
1350,2022-09-16,23,2,387,14
1351,2022-11-04,19,4,388,22
1352,2020-01-05,29,2,388,16
1353,2021-10-04,31,3,388,12
1354,2022-09-02,24,2,388,11
1355,2020-12-25,6,1,388,1
1356,2021-01-29,17,5,389,7
1357,2023-12-19,25,4,389,16
1358,2022-03-18,14,4,389,8
1359,2022-12-10,17,5,389,11
1360,2021-05-02,10,4,389,12
1361,2020-06-11,27,3,389,12
1362,2023-05-24,17,1,390,5
1363,2021-08-31,31,5,390,10
1364,2023-03-12,6,2,391,3
1365,2022-10-06,28,2,391,2
1366,2021-04-03,22,1,391,11
1367,2020-12-16,25,1,391,8
1368,2021-08-12,27,5,392,11
1369,2023-06-16,9,1,392,15
1370,2023-04-11,11,2,392,17
1371,2023-02-15,1,4,392,7
1372,2020-11-22,22,4,393,15
1373,2022-02-08,1,1,393,15
1374,2020-10-15,6,4,393,5
1375,2020-09-27,32,1,393,9
1376,2022-03-31,4,3,393,16
1377,2021-08-04,23,4,393,17
1378,2020-07-22,17,1,394,11
1379,2023-12-23,13,1,394,2
1380,2021-10-09,9,3,395,20
1381,2022-03-25,20,3,395,6
1382,2020-05-11,27,1,395,22
1383,2023-01-06,3,4,395,1
1384,2020-02-05,3,1,395,21
1385,2023-08-19,30,5,396,19
1386,2021-03-28,2,1,396,3
1387,2021-10-17,19,2,396,14
1388,2022-09-24,18,5,396,17
1389,2022-01-22,19,4,397,19
1390,2023-03-20,28,2,397,3
1391,2023-02-17,23,2,398,13
1392,2020-05-11,31,5,398,22
1393,2023-11-01,12,4,398,5
1394,2022-03-24,10,1,398,4
1395,2021-12-17,11,3,399,11
1396,2022-10-04,3,1,399,12
1397,2023-02-18,25,4,399,8
1398,2022-10-22,8,2,400,10
1399,2022-09-09,21,4,400,12
1400,2020-07-05,18,3,400,5
1401,2022-12-02,20,3,400,10
1402,2020-05-11,28,4,400,13
1403,2022-01-05,32,5,401,14
1404,2022-06-28,27,3,401,12
1405,2020-09-21,16,4,401,11
1406,2023-01-18,22,3,401,10
1407,2022-12-21,22,3,401,18
1408,2022-10-07,15,3,402,18
1409,2022-11-24,32,3,402,18
1410,2020-06-20,7,2,402,11
1411,2022-08-02,24,2,402,20
1412,2023-11-24,18,1,403,10
1413,2023-08-10,26,2,403,6
1414,2021-12-10,28,5,403,1
1415,2021-09-30,20,5,403,12
1416,2020-12-06,31,4,404,18
1417,2023-03-24,24,3,404,21
1418,2022-12-21,18,4,404,2
1419,2022-10-29,32,3,405,15
1420,2023-01-11,16,1,405,10
1421,2022-01-02,18,3,405,7
1422,2022-11-27,27,3,406,8
1423,2023-05-08,20,3,406,13
1424,2023-12-26,20,5,406,2
1425,2023-10-01,22,5,406,6
1426,2021-07-26,8,3,407,16
1427,2020-06-29,18,3,407,20
1428,2022-04-10,7,3,408,19
1429,2022-06-27,16,4,408,2
1430,2023-08-29,21,5,408,21
1431,2020-01-02,12,5,408,12
1432,2020-07-18,17,1,409,10
1433,2021-08-24,29,3,409,1
1434,2023-11-15,7,1,409,18
1435,2021-07-20,16,5,409,20
1436,2023-02-03,15,3,409,9
1437,2021-12-09,18,4,409,5
1438,2022-12-29,14,5,410,2
1439,2021-12-23,25,1,410,2
1440,2021-02-10,32,4,410,21
1441,2023-04-15,8,3,411,10
1442,2020-12-15,18,1,411,11
1443,2023-08-26,13,4,411,7
1444,2021-09-03,11,1,411,18
1445,2020-06-23,26,5,411,6
1446,2020-02-17,8,1,412,3
1447,2020-10-25,25,4,412,3
1448,2020-12-17,27,3,412,11
1449,2023-06-14,15,1,413,2
1450,2022-08-29,6,4,413,19
1451,2023-09-22,28,3,413,3
1452,2020-03-10,14,4,414,3
1453,2021-07-12,1,2,414,20
1454,2020-10-25,27,1,414,7
1455,2022-03-26,5,4,415,15
1456,2022-07-13,11,2,415,19
1457,2022-03-12,19,3,415,11
1458,2022-03-04,12,2,416,4
1459,2023-10-08,3,1,416,7
1460,2021-09-23,15,2,416,10
1461,2020-10-27,7,4,416,5
1462,2021-07-19,12,1,417,6
1463,2021-01-04,5,4,417,21
1464,2021-10-23,9,2,417,8
1465,2021-11-22,8,1,418,16
1466,2023-09-10,20,1,418,19
1467,2021-04-12,30,5,418,7
1468,2023-03-15,26,2,418,20
1469,2023-04-16,20,2,419,22
1470,2022-11-15,15,3,419,9
1471,2022-10-06,1,4,419,11
1472,2023-11-12,32,2,419,17
1473,2020-11-22,1,1,419,8
1474,2023-02-25,17,1,420,11
1475,2020-03-24,9,3,420,6
1476,2021-12-22,31,1,421,1
1477,2020-03-22,25,2,421,20
1478,2020-05-10,26,3,421,15
1479,2023-08-04,9,4,422,11
1480,2023-11-26,16,1,422,1
1481,2020-12-02,20,4,422,4
1482,2022-12-25,32,1,422,9
1483,2023-06-08,4,3,423,21
1484,2021-12-09,25,2,423,1
1485,2021-07-27,14,2,423,1
1486,2021-06-16,29,2,423,10
1487,2022-07-18,26,3,423,10
1488,2023-04-03,18,1,423,16
1489,2023-02-23,10,1,424,21
1490,2021-04-22,12,5,424,6
1491,2020-01-01,31,5,424,4
1492,2021-12-17,23,1,424,18
1493,2022-12-22,8,4,424,10
1494,2022-07-15,29,3,424,19
1495,2022-01-05,29,1,425,7
1496,2021-06-02,8,1,425,22
1497,2020-03-24,30,4,426,9
1498,2020-04-28,23,5,426,14
1499,2022-08-09,20,5,426,21
1500,2023-11-12,9,2,427,17
1501,2023-12-24,20,3,427,4
1502,2022-09-09,9,3,427,17
1503,2020-07-11,30,2,427,19
1504,2023-05-31,2,2,428,4
1505,2022-01-05,7,2,428,16
1506,2022-03-26,8,5,428,18
1507,2023-06-15,24,2,428,8
1508,2022-08-19,7,1,428,7
1509,2020-04-01,23,3,428,19
1510,2020-03-27,14,2,429,17
1511,2020-10-23,23,4,429,22
1512,2022-12-11,16,1,429,7
1513,2021-03-31,16,4,430,8
1514,2021-12-20,7,4,431,5
1515,2020-04-10,31,3,431,11
1516,2021-03-01,17,4,432,6
1517,2020-07-20,12,2,432,11
1518,2021-04-13,10,4,432,22
1519,2020-02-04,15,1,433,1
1520,2022-01-16,18,1,434,16
1521,2023-09-27,3,5,435,7
1522,2020-11-29,16,5,435,10
1523,2021-10-02,18,1,435,2
1524,2021-02-05,8,1,435,2
1525,2020-06-07,15,5,435,15
1526,2023-06-15,20,5,435,19
1527,2020-08-17,12,4,436,12
1528,2022-11-10,4,4,436,22
1529,2020-10-14,25,2,436,16
1530,2022-12-02,6,4,436,6
1531,2023-03-12,28,5,436,18
1532,2020-10-04,2,1,436,18
1533,2023-03-02,28,2,437,16
1534,2023-06-03,11,4,437,18
1535,2020-08-05,30,2,437,20
1536,2021-08-06,17,3,437,21
1537,2022-06-04,22,4,437,16
1538,2020-11-18,1,3,438,12
1539,2021-05-04,26,4,438,9
1540,2023-03-07,30,2,438,3
1541,2021-07-03,16,4,438,3
1542,2021-07-31,9,4,439,19
1543,2020-12-28,14,1,439,1
1544,2023-06-15,20,3,440,8
1545,2020-05-17,26,3,440,22
1546,2021-11-05,16,3,440,3
1547,2020-03-11,8,4,440,21
1548,2020-08-04,16,3,441,15
1549,2023-05-04,17,4,441,22
1550,2020-09-23,25,4,441,13
1551,2022-09-09,16,2,441,6
1552,2020-03-31,30,2,441,2
1553,2023-10-07,30,4,442,15
1554,2021-08-06,10,1,442,16
1555,2023-10-17,4,3,442,22
1556,2022-09-17,14,3,443,20
1557,2023-12-22,30,1,443,19
1558,2020-06-03,10,3,443,13
1559,2023-03-30,8,5,443,16
1560,2023-08-31,23,3,444,16
1561,2023-11-10,4,2,444,22
1562,2021-06-27,5,1,444,10
1563,2020-02-20,23,2,444,16
1564,2021-02-12,17,5,444,18
1565,2023-12-29,30,3,444,10
1566,2022-06-29,2,1,445,11
1567,2020-09-25,9,3,445,18
1568,2021-04-20,29,3,445,13
1569,2022-08-17,14,4,445,21
1570,2022-01-15,9,5,445,9
1571,2021-01-30,9,5,446,17
1572,2020-04-29,15,3,446,7
1573,2022-10-09,15,5,446,14
1574,2023-10-31,26,5,446,15
1575,2023-08-07,14,2,447,20
1576,2022-04-19,3,1,447,5
1577,2021-11-10,31,2,447,17
1578,2020-04-19,10,1,448,8
1579,2021-06-10,31,2,448,5
1580,2022-04-15,16,3,449,18
1581,2020-06-13,24,4,450,7
1582,2020-01-29,10,2,450,7
1583,2022-11-07,6,3,450,6
1584,2020-05-16,3,2,450,11
1585,2020-11-29,13,1,450,11
1586,2021-01-26,8,4,450,6
1587,2022-10-05,20,5,451,22
1588,2020-09-24,19,1,451,11
1589,2020-05-27,30,3,451,20
1590,2023-11-12,30,2,452,3
1591,2022-04-30,14,1,452,19
1592,2023-03-20,23,2,452,6
1593,2022-08-22,29,2,452,7
1594,2023-09-18,5,3,453,20
1595,2021-05-10,14,5,453,1
1596,2022-11-16,3,5,453,11
1597,2022-02-10,31,1,453,9
1598,2023-05-17,1,5,453,18
1599,2021-05-04,13,1,453,22
1600,2021-11-01,4,5,454,10
1601,2023-07-06,2,5,454,10
1602,2022-01-16,1,3,454,13
1603,2021-11-27,7,3,455,19
1604,2023-10-02,17,2,455,10
1605,2023-06-13,11,4,455,13
1606,2020-01-21,23,4,455,15
1607,2023-02-28,22,3,455,2
1608,2021-12-24,12,1,455,13
1609,2023-11-28,22,1,456,8
1610,2021-06-13,32,4,457,5
1611,2021-03-07,18,5,457,3
1612,2021-10-02,4,1,457,12
1613,2021-07-10,9,3,457,21
1614,2022-10-16,12,4,458,4
1615,2023-06-01,11,5,458,9
1616,2021-03-30,3,3,459,8
1617,2022-07-07,10,1,459,5
1618,2022-12-27,30,4,459,17
1619,2021-03-21,15,5,459,16
1620,2021-09-14,3,4,459,15
1621,2023-03-02,26,1,459,7
1622,2023-02-15,4,1,460,6
1623,2020-10-05,14,1,460,4
1624,2022-03-05,21,3,460,12
1625,2021-06-09,4,4,461,1
1626,2020-02-28,29,5,461,5
1627,2021-07-03,5,2,461,4
1628,2022-10-11,10,3,461,22
1629,2021-02-17,32,4,461,6
1630,2022-11-09,6,3,462,10
1631,2020-04-23,6,1,462,19
1632,2023-05-12,4,4,462,12
1633,2021-09-17,30,2,462,14
1634,2021-01-25,20,5,462,14
1635,2021-12-05,18,1,463,5
1636,2023-12-06,5,1,464,16
1637,2020-08-02,20,2,464,6
1638,2022-09-23,9,5,464,10
1639,2023-11-04,5,1,464,21
1640,2023-06-06,26,5,464,21
1641,2022-05-02,10,3,465,22
1642,2020-10-11,11,2,466,4
1643,2021-11-04,27,1,466,22
1644,2021-08-24,1,2,466,22
1645,2020-04-11,25,1,466,18
1646,2020-10-27,4,1,466,4
1647,2022-11-03,6,2,467,11
1648,2020-08-22,21,1,467,16
1649,2022-06-15,2,1,467,10
1650,2021-07-18,32,1,467,1
1651,2020-07-23,5,3,467,10
1652,2023-01-25,31,3,468,21
1653,2022-11-10,23,3,469,12
1654,2023-09-10,23,1,470,20
1655,2021-01-22,29,1,470,20
1656,2021-07-04,25,3,470,19
1657,2021-05-05,16,3,470,19
1658,2020-06-05,30,5,471,3
1659,2022-08-07,28,4,471,10
1660,2020-01-01,7,2,471,3
1661,2022-03-04,15,4,472,3
1662,2020-03-29,8,5,472,19
1663,2021-10-24,29,1,472,14
1664,2023-11-01,19,4,472,2
1665,2021-02-23,7,1,473,8
1666,2020-01-05,18,5,473,22
1667,2021-12-06,28,2,473,22
1668,2023-10-17,30,3,473,22
1669,2022-09-28,19,5,474,4
1670,2023-03-10,3,5,474,5
1671,2021-02-16,20,5,474,6
1672,2022-07-10,19,5,474,16
1673,2022-01-27,26,3,474,15
1674,2023-01-12,32,3,474,22
1675,2021-06-26,8,3,475,5
1676,2023-08-29,16,4,475,15
1677,2020-12-17,7,3,475,13
1678,2020-07-28,18,3,475,11
1679,2021-12-08,3,4,476,5
1680,2020-06-15,17,2,476,5
1681,2020-07-25,31,3,476,10
1682,2023-12-12,2,3,476,10
1683,2021-07-06,3,1,476,8
1684,2022-09-23,10,3,476,8
1685,2022-10-20,8,5,477,12
1686,2020-01-30,16,3,477,5
1687,2020-04-15,17,4,478,20
1688,2021-10-09,2,4,478,6
1689,2023-04-21,11,2,479,8
1690,2020-07-30,5,1,479,8
1691,2023-03-20,30,4,479,17
1692,2020-10-30,23,1,479,5
1693,2023-07-16,16,1,479,12
1694,2022-10-02,9,3,480,3
1695,2021-06-06,7,4,480,12
1696,2020-08-20,9,5,480,8
1697,2023-12-08,10,2,480,10
1698,2022-02-15,18,5,480,8
1699,2022-09-22,32,4,480,14
1700,2020-12-20,6,4,481,22
1701,2022-11-26,12,1,481,11
1702,2022-01-21,1,5,481,10
1703,2020-12-16,22,1,481,13
1704,2020-01-22,27,4,481,8
1705,2023-11-30,9,5,481,17
1706,2020-04-10,30,1,482,1
1707,2022-06-26,28,2,482,6
1708,2020-06-28,1,3,482,21
1709,2023-04-20,26,2,483,12
1710,2023-04-21,17,1,484,1
1711,2022-09-15,25,1,484,19
1712,2021-10-01,11,3,484,5
1713,2022-02-01,6,3,485,10
1714,2020-09-21,9,5,486,22
1715,2021-06-12,9,2,486,4
1716,2022-04-25,17,4,487,19
1717,2021-09-07,11,4,487,17
1718,2020-01-01,32,4,487,15
1719,2020-06-15,32,4,487,10
1720,2023-02-08,5,2,487,18
1721,2023-10-18,27,5,488,4
1722,2021-06-24,1,2,488,12
1723,2023-11-18,20,2,488,19
1724,2020-08-27,25,5,488,9
1725,2022-09-15,15,3,488,2
1726,2023-03-20,20,4,488,9
1727,2020-01-22,9,4,489,15
1728,2021-05-13,23,5,489,13
1729,2021-08-08,17,1,489,18
1730,2022-08-14,18,1,490,15
1731,2020-07-28,7,4,491,13
1732,2022-12-16,12,4,491,21
1733,2020-07-05,9,5,491,4
1734,2021-11-25,2,1,492,14
1735,2021-09-07,29,3,492,11
1736,2023-09-05,8,4,492,15
1737,2023-03-18,10,1,492,9
1738,2022-06-22,8,5,492,20
1739,2022-07-24,20,1,492,22
1740,2022-03-17,1,1,493,15
1741,2020-05-31,15,1,493,17
1742,2023-11-16,21,2,493,22
1743,2020-01-22,23,1,493,8
1744,2022-05-12,3,3,493,11
1745,2022-01-02,5,2,494,13
1746,2022-04-13,6,3,495,20
1747,2020-11-25,18,5,495,18
1748,2023-04-13,26,4,495,22
1749,2021-05-26,12,1,495,19
1750,2021-05-18,32,2,496,19
1751,2020-09-29,3,4,496,3
1752,2021-08-24,7,2,496,17
1753,2021-08-05,18,2,496,9
1754,2022-11-19,1,4,497,10
1755,2022-11-16,13,1,497,14
1756,2021-05-13,11,1,497,11
1757,2021-07-19,21,3,497,4
1758,2020-12-29,29,1,497,1
1759,2021-05-27,15,5,498,5
1760,2022-02-02,20,1,498,19
1761,2023-08-21,3,4,498,21
1762,2022-05-14,4,4,498,2
1763,2023-08-21,1,4,498,5
1764,2021-05-18,26,1,499,22
1765,2023-12-28,8,5,499,5
1766,2021-02-21,26,4,499,16
1767,2020-10-07,21,2,499,2
1768,2023-07-15,21,1,500,12
1769,2021-01-16,19,1,501,12
1770,2021-01-16,8,5,501,8
1771,2021-01-06,25,4,501,18
1772,2022-07-24,12,3,501,21
1773,2022-07-16,9,2,501,19
1774,2021-03-25,16,3,502,2
1775,2023-06-21,2,4,502,20
1776,2020-10-18,7,2,502,7
1777,2021-10-20,9,2,502,8
1778,2022-08-10,32,4,502,7
1779,2020-05-31,18,4,502,22
1780,2023-05-19,6,2,503,12
1781,2021-04-13,7,1,504,9
1782,2022-02-19,13,3,504,7
1783,2021-08-18,25,4,504,22
1784,2020-10-05,10,2,504,12
1785,2021-03-23,16,3,505,8
1786,2023-11-13,18,3,505,2
1787,2021-01-26,11,3,506,20
1788,2021-12-29,25,5,506,7
1789,2021-07-07,11,3,506,8
1790,2022-06-07,6,1,506,9
1791,2021-01-26,17,3,506,8
1792,2023-02-12,5,5,506,19
1793,2020-04-25,9,3,507,12
1794,2020-10-23,9,2,507,12
1795,2023-11-03,22,2,507,9
1796,2022-11-07,32,5,507,18
1797,2020-03-10,4,4,507,6
1798,2022-01-24,10,1,508,8
1799,2020-05-14,21,1,508,13
1800,2022-09-18,32,1,508,17
1801,2021-06-22,20,5,508,14
1802,2020-09-22,28,2,508,6
1803,2022-07-09,20,5,509,3
1804,2022-09-28,15,3,509,2
1805,2023-12-05,12,3,509,19
1806,2023-08-14,4,5,509,3
1807,2020-12-31,25,1,509,11
1808,2022-01-03,3,5,509,4
1809,2023-11-30,23,2,510,13
1810,2021-03-29,8,1,510,9
1811,2022-05-04,18,1,510,8
1812,2023-08-22,1,4,510,21
1813,2022-08-21,18,3,510,1
1814,2021-08-01,17,1,510,1
1815,2022-07-23,9,1,511,7
1816,2020-12-11,6,5,511,20
1817,2023-03-25,9,3,511,8
1818,2020-02-12,17,5,512,13
1819,2021-03-12,25,4,512,3
1820,2021-02-16,27,5,513,6
1821,2020-12-17,23,2,513,11
1822,2022-08-10,29,2,514,17
1823,2021-07-13,16,1,514,16
1824,2023-02-25,12,2,515,3
1825,2023-12-22,18,5,515,22
1826,2022-12-21,21,5,515,9
1827,2021-09-12,3,4,515,20
1828,2022-07-16,4,4,515,14
1829,2020-01-16,3,5,516,12
1830,2022-02-04,15,5,516,11
1831,2021-05-29,8,3,517,7
1832,2022-07-17,4,2,518,9
1833,2023-01-11,13,4,518,1
1834,2023-05-10,27,1,518,19
1835,2021-05-28,3,4,518,22
1836,2021-11-04,32,5,518,21
1837,2021-12-11,1,4,518,6
1838,2023-01-03,21,3,519,1
1839,2021-05-02,19,3,519,5
1840,2022-08-19,16,2,519,1
1841,2022-07-01,26,2,520,7
1842,2021-01-22,23,1,520,9
1843,2022-01-15,6,1,520,11
1844,2022-07-09,13,1,520,11
1845,2021-03-26,9,3,520,5
1846,2021-08-05,14,3,520,1
1847,2020-09-10,9,2,521,5
1848,2021-12-26,2,5,521,21
1849,2022-01-30,21,2,521,21
1850,2022-05-27,6,3,522,6
1851,2023-08-04,9,1,522,21
1852,2020-10-14,25,1,523,8
1853,2021-09-07,27,4,523,10
1854,2022-09-18,21,2,523,12
1855,2021-12-20,12,5,523,14
1856,2021-05-08,20,4,524,6
1857,2022-11-26,3,1,524,1
1858,2020-06-02,30,4,524,21
1859,2023-07-17,7,3,524,9
1860,2022-04-18,25,1,524,10
1861,2023-03-23,1,3,524,8
1862,2021-08-06,28,3,525,9
1863,2023-06-01,26,4,525,2
1864,2023-11-23,2,1,526,3
1865,2023-10-03,6,2,526,18
1866,2021-04-04,3,3,526,6
1867,2020-01-26,14,5,526,13
1868,2020-04-13,20,1,526,12
1869,2020-03-08,32,3,527,7
1870,2022-09-24,32,4,527,8
1871,2021-09-02,11,4,527,19
1872,2023-12-27,24,3,527,4
1873,2023-08-07,6,1,527,13
1874,2021-09-21,12,4,527,18
1875,2020-08-10,9,5,528,2
1876,2023-07-09,14,2,528,18
1877,2021-01-02,2,5,528,2
1878,2022-05-10,10,1,528,20
1879,2023-01-14,11,4,528,20
1880,2020-07-06,2,5,529,14
1881,2021-05-14,1,3,529,19
1882,2020-11-21,8,5,529,2
1883,2022-06-16,23,4,529,10
1884,2022-03-17,2,5,529,12
1885,2023-09-23,14,5,529,15
1886,2021-03-31,31,3,530,15
1887,2023-11-13,10,4,530,20
1888,2020-09-13,14,2,531,19
1889,2022-08-19,31,4,531,13
1890,2022-07-27,17,1,531,15
1891,2022-03-01,6,5,531,3
1892,2023-10-19,19,5,531,5
1893,2021-11-30,1,2,532,3
1894,2023-03-10,31,4,532,5
1895,2023-01-18,14,3,532,14
1896,2022-11-14,19,4,532,1
1897,2021-01-20,27,2,532,4
1898,2022-08-30,26,1,533,2
1899,2021-08-09,23,2,533,16
1900,2020-03-23,27,2,533,20
1901,2021-03-16,7,1,533,19
1902,2021-12-15,30,1,533,20
1903,2023-08-31,15,5,534,1
1904,2021-09-11,32,4,535,17
1905,2021-04-27,32,1,535,12
1906,2022-02-04,2,5,535,12
1907,2023-02-19,5,4,535,8
1908,2023-06-14,8,5,536,10
1909,2022-04-27,25,4,537,22
1910,2020-12-04,30,1,538,19
1911,2020-04-23,32,2,538,15
1912,2023-07-19,5,5,538,9
1913,2020-04-18,24,1,538,3
1914,2020-08-24,4,3,538,16
1915,2020-07-03,28,4,539,6
1916,2023-12-21,1,4,539,20
1917,2020-07-09,23,2,539,3
1918,2022-04-10,10,4,539,4
1919,2021-12-18,23,4,539,5
1920,2023-07-08,11,5,539,6
1921,2022-01-24,18,2,540,5
1922,2020-12-31,6,1,540,12
1923,2020-07-28,7,2,541,1
1924,2023-06-14,4,1,541,22
1925,2021-10-24,4,4,541,6
1926,2022-03-07,28,5,542,14
1927,2021-08-08,5,1,542,21
1928,2020-04-08,23,2,543,13
1929,2020-11-10,19,2,544,1
1930,2023-04-03,11,5,544,7
1931,2020-09-12,13,2,544,14
1932,2021-10-18,14,5,545,1
1933,2021-12-16,26,4,545,18
1934,2020-11-01,32,2,545,7
1935,2020-07-05,14,1,545,15
1936,2022-04-24,22,3,545,16
1937,2020-01-08,22,4,545,15
1938,2021-04-29,18,5,546,12
1939,2020-11-19,2,1,546,12
1940,2020-04-03,29,4,546,1
1941,2022-12-25,9,1,546,22
1942,2020-11-03,5,4,546,9
1943,2020-01-25,9,4,547,21
1944,2021-08-30,12,4,547,9
1945,2021-01-09,20,5,547,1
1946,2020-12-14,21,4,547,14
1947,2021-03-16,14,1,547,6
1948,2021-09-19,21,2,547,9
1949,2022-01-16,17,3,548,5
1950,2023-12-15,26,1,549,5
1951,2020-03-23,18,1,549,7
1952,2022-01-13,8,1,550,4
1953,2022-03-02,24,3,550,9
1954,2023-02-28,9,1,551,15
1955,2023-03-07,24,5,551,6
1956,2022-01-25,20,3,551,9
1957,2021-02-24,23,5,552,10
1958,2022-10-11,27,3,552,3
1959,2020-06-04,16,2,552,21
1960,2023-01-14,8,2,552,1
1961,2021-11-18,28,1,552,18
1962,2023-05-13,18,2,552,1
1963,2023-07-19,22,1,553,15
1964,2021-09-15,23,4,553,2
1965,2021-03-07,14,3,553,12
1966,2021-08-16,4,2,553,6
1967,2023-05-23,17,3,553,2
1968,2020-06-27,16,4,553,10
1969,2022-07-13,12,4,554,18
1970,2021-03-23,30,1,554,15
1971,2021-09-29,14,5,554,15
1972,2021-10-28,3,5,554,14
1973,2022-07-04,15,3,555,6
1974,2022-01-11,12,5,555,3
1975,2022-06-16,20,2,555,4
1976,2023-05-28,15,3,556,5
1977,2020-07-12,7,2,556,19
1978,2020-07-12,29,4,557,2
1979,2020-06-17,2,1,557,18
1980,2021-02-12,30,2,557,1
1981,2023-08-31,17,5,557,22
1982,2020-10-28,3,1,557,19
1983,2021-05-03,27,5,557,22
1984,2023-11-26,17,2,558,9
1985,2023-05-20,12,3,558,21
1986,2023-05-31,14,3,558,1
1987,2020-10-06,23,4,559,9
1988,2022-04-05,2,4,559,18
1989,2021-11-28,14,5,559,6
1990,2020-08-02,12,1,559,22
1991,2022-08-09,28,3,559,22
1992,2022-12-20,32,3,560,10
1993,2022-01-01,31,5,560,13
1994,2020-10-10,29,5,560,15
1995,2022-08-15,2,1,560,8
1996,2021-10-26,30,3,561,12
1997,2021-01-31,3,1,561,2
1998,2021-11-04,22,1,562,19
1999,2023-11-01,22,5,562,7
2000,2022-12-10,8,4,562,19
2001,2022-06-08,14,3,562,15
2002,2021-10-31,21,2,563,20
2003,2023-07-02,18,3,563,12
2004,2022-10-30,26,4,564,16
2005,2022-01-31,4,1,565,1
2006,2022-05-22,5,3,565,8
2007,2021-10-03,26,3,565,1
2008,2022-12-03,3,5,566,6
2009,2020-10-25,23,2,566,14
2010,2021-09-18,4,1,566,4
2011,2021-07-19,2,4,567,16
2012,2020-05-19,16,5,567,6
2013,2023-05-07,18,2,568,7
2014,2022-04-02,32,1,568,18
2015,2021-06-12,4,5,569,17
2016,2023-07-11,4,2,569,3
2017,2023-03-14,1,3,569,22
2018,2022-03-18,8,5,569,20
2019,2023-08-12,4,4,569,20
2020,2020-03-31,9,5,570,22
2021,2023-02-06,31,1,570,15
2022,2020-08-21,6,1,570,5
2023,2021-06-19,8,3,570,2
2024,2020-04-13,16,3,571,12
2025,2020-11-03,23,3,572,21
2026,2023-04-16,2,1,572,21
2027,2021-10-13,8,5,572,15
2028,2022-03-23,32,1,573,14
2029,2022-01-22,26,5,573,13
2030,2022-03-25,23,2,573,10
2031,2021-05-18,29,3,573,6
2032,2020-11-02,28,1,573,7
2033,2023-11-10,28,1,573,1
2034,2020-01-17,21,3,574,9
2035,2022-07-15,19,4,574,6
2036,2022-02-09,22,1,574,16
2037,2021-08-13,10,4,575,21
2038,2020-06-25,10,2,575,18
2039,2020-04-25,27,1,576,1
2040,2022-05-11,7,5,576,13
2041,2021-06-01,14,1,576,6
2042,2020-03-08,31,5,576,11
2043,2023-10-21,30,3,576,20
2044,2020-08-02,5,5,577,13
2045,2020-05-15,3,2,577,7
2046,2022-03-12,21,3,577,2
2047,2020-08-04,32,2,577,4
2048,2021-06-14,26,5,578,6
2049,2021-05-23,25,1,578,12
2050,2020-04-22,6,5,579,17
2051,2023-08-22,30,1,580,6
2052,2021-06-03,12,5,580,2
2053,2022-09-20,15,4,580,11
2054,2023-03-05,16,3,580,22
2055,2021-05-03,8,3,580,8
2056,2022-01-02,6,5,580,10
2057,2020-06-09,11,3,581,17
2058,2021-09-27,32,4,581,1
2059,2021-03-09,3,2,581,12
2060,2023-07-30,7,4,582,13
2061,2023-03-10,7,3,582,7
2062,2020-04-23,14,1,583,9
2063,2022-11-28,11,2,583,17
2064,2022-06-04,24,1,583,16
2065,2023-11-04,1,1,584,6
2066,2023-11-05,16,2,584,18
2067,2020-12-14,16,1,584,3
2068,2023-04-04,28,4,585,7
2069,2020-09-30,14,3,585,9
2070,2022-06-22,7,3,585,17
2071,2020-12-24,22,4,586,7
2072,2021-11-17,30,5,586,16
2073,2021-05-10,5,2,586,6
2074,2022-02-02,3,2,587,15
2075,2020-07-27,10,2,588,6
2076,2021-03-27,10,2,588,8
2077,2023-01-31,12,5,588,13
2078,2021-01-23,28,3,588,5
2079,2022-10-17,9,5,588,18
2080,2022-12-10,25,5,588,1
2081,2023-01-07,21,3,589,12
2082,2022-01-17,14,2,589,16
2083,2023-10-27,22,1,589,4
2084,2020-10-30,7,3,590,10
2085,2021-04-06,24,4,590,1
2086,2021-04-29,27,5,591,3
2087,2020-07-30,16,2,591,18
2088,2023-04-25,27,5,591,21
2089,2023-03-09,3,4,591,8
2090,2020-08-31,20,2,591,15
2091,2021-10-01,32,4,592,11
2092,2020-11-07,9,5,592,17
2093,2023-08-06,6,3,593,5
2094,2022-02-22,16,5,594,12
2095,2020-06-26,8,3,594,14
2096,2022-05-26,11,3,594,11
2097,2023-09-12,12,3,594,3
2098,2021-04-28,17,4,595,15
2099,2023-04-07,7,2,596,17
2100,2022-09-10,4,5,597,5
2101,2022-10-27,17,4,597,20
2102,2022-10-24,9,4,597,12
2103,2021-12-17,7,2,597,6
2104,2021-07-02,12,5,598,7
2105,2020-12-20,17,2,598,13
2106,2022-03-21,14,5,599,9
2107,2020-09-15,13,4,599,15
2108,2022-12-07,18,5,599,4
2109,2021-12-16,24,2,599,18
2110,2022-02-04,32,5,599,4
2111,2020-02-17,20,2,600,12
2112,2020-02-05,31,4,600,16
2113,2020-09-07,31,3,600,10
2114,2022-08-25,28,2,600,12
2115,2022-05-23,22,4,600,7
2116,2022-05-22,28,2,601,15
2117,2023-09-07,4,5,601,9
2118,2023-05-11,15,1,601,8
2119,2020-04-02,7,4,602,17
2120,2023-06-29,2,2,602,21
2121,2023-06-20,28,5,602,5
2122,2023-02-24,13,1,602,5
2123,2023-05-25,23,3,603,13
2124,2021-07-01,29,2,603,13
2125,2023-11-01,5,2,603,3
2126,2020-06-23,14,1,603,20
2127,2022-09-15,4,3,603,21
2128,2021-04-29,8,4,603,14
2129,2021-03-11,6,2,604,7
2130,2020-01-25,10,3,604,1
2131,2023-08-14,31,5,604,12
2132,2021-11-08,15,4,604,16
2133,2023-02-17,29,5,605,7
2134,2022-10-19,18,2,605,7
2135,2022-08-12,30,5,605,13
2136,2020-06-15,26,2,605,8
2137,2022-07-05,23,5,606,18
2138,2022-04-05,20,2,606,16
2139,2020-02-25,13,3,606,12
2140,2021-01-16,13,1,606,7
2141,2021-07-10,1,4,607,8
2142,2021-11-09,8,2,607,4
2143,2021-07-28,10,1,607,15
2144,2021-10-11,16,3,607,21
2145,2021-05-29,10,3,608,14
2146,2020-07-05,7,3,608,1
2147,2022-05-23,14,2,608,1
2148,2023-06-28,28,2,609,20
2149,2020-11-01,25,1,609,13
2150,2022-07-08,24,5,609,6
2151,2020-12-21,2,5,610,7
2152,2023-03-01,15,4,611,5
2153,2021-08-11,30,3,612,17
2154,2022-06-06,8,5,613,4
2155,2022-06-28,28,3,614,3
2156,2022-06-26,27,2,614,3
2157,2020-12-17,27,3,615,14
2158,2023-10-02,2,2,616,13
2159,2021-12-29,28,2,617,22
2160,2020-01-06,6,2,617,11
2161,2021-09-08,22,1,617,19
2162,2022-12-23,31,2,617,19
2163,2021-11-07,26,3,618,9
2164,2021-11-13,22,4,618,7
2165,2021-08-10,26,1,618,22
2166,2023-10-06,30,4,618,17
2167,2020-12-08,16,1,618,7
2168,2023-04-23,12,2,618,16
2169,2021-01-12,19,5,619,12
2170,2023-12-15,20,3,619,2
2171,2023-08-03,27,4,619,14
2172,2020-02-10,9,5,619,4
2173,2021-08-01,21,5,619,17
2174,2022-02-16,23,3,619,6
2175,2021-05-27,27,1,620,18
2176,2020-01-18,17,1,621,9
2177,2021-11-29,1,4,621,22
2178,2022-01-04,27,4,621,6
2179,2022-08-17,10,3,621,17
2180,2023-04-05,2,3,622,7
2181,2020-02-02,25,1,622,22
2182,2023-02-19,23,3,622,10
2183,2021-04-07,12,2,622,20
2184,2021-02-27,23,3,622,14
2185,2021-01-11,1,1,623,21
2186,2022-05-17,17,5,623,3
2187,2021-11-29,19,3,623,3
2188,2022-05-05,25,3,624,18
2189,2023-10-27,3,4,624,6
2190,2023-02-27,30,3,625,9
2191,2022-12-15,26,1,625,12
2192,2023-01-15,15,5,625,21
2193,2020-06-16,17,4,626,12
2194,2022-02-13,30,2,626,2
2195,2021-03-18,9,1,626,4
2196,2020-06-05,19,4,626,7
2197,2023-02-12,29,2,626,8
2198,2021-10-27,15,5,627,7
2199,2021-09-20,21,5,627,16
2200,2020-03-18,15,4,627,19
2201,2021-05-28,21,1,627,11
2202,2020-05-27,14,3,627,16
2203,2022-11-05,13,2,628,2
2204,2021-01-20,14,5,628,6
2205,2020-08-19,15,1,628,19
2206,2020-03-27,3,4,628,15
2207,2023-06-03,23,3,628,11
2208,2021-11-30,15,3,628,10
2209,2022-03-25,13,4,629,4
2210,2022-07-11,2,2,629,16
2211,2020-04-23,31,4,630,1
2212,2023-10-06,23,3,630,2
2213,2021-02-02,26,3,630,2
2214,2023-06-20,22,3,630,7
2215,2021-05-04,19,1,630,8
2216,2020-07-27,5,4,631,16
2217,2020-03-24,24,4,631,22
2218,2020-05-06,26,1,631,18
2219,2020-01-16,28,2,631,18
2220,2020-11-18,32,1,631,17
2221,2023-04-04,29,4,631,2
2222,2021-10-21,6,4,632,6
2223,2023-07-25,8,5,632,17
2224,2022-08-02,2,2,632,1
2225,2022-10-21,20,4,633,20
2226,2022-10-06,1,5,633,14
2227,2020-01-23,3,2,633,1
2228,2020-08-13,1,2,633,2
2229,2023-05-29,7,5,633,4
2230,2020-10-05,13,4,633,15
2231,2020-12-24,27,2,634,6
2232,2022-01-12,1,2,634,3
2233,2020-01-14,8,2,634,10
2234,2020-12-30,4,2,634,17
2235,2020-04-12,29,2,634,20
2236,2020-02-08,6,5,635,4
2237,2022-09-30,20,5,635,21
2238,2021-02-06,4,2,635,1
2239,2020-09-09,14,5,636,18
2240,2020-01-03,23,2,637,17
2241,2023-04-28,5,5,637,11
2242,2020-12-25,9,4,638,7
2243,2020-01-30,16,1,638,1
2244,2021-10-11,18,2,638,17
2245,2022-05-29,24,2,639,1
2246,2023-02-11,15,3,639,9
2247,2023-07-29,31,3,639,2
2248,2021-09-21,11,2,640,8
2249,2021-05-16,28,2,640,3
2250,2021-07-10,22,5,640,8
2251,2023-04-18,23,5,640,20
2252,2022-03-28,29,2,640,4
2253,2022-07-07,9,4,640,21
2254,2023-09-22,6,1,641,2
2255,2020-07-25,26,1,642,18
2256,2023-10-30,9,3,642,11
2257,2022-06-01,17,5,642,22
2258,2023-04-28,22,3,642,22
2259,2021-06-20,29,2,643,11
2260,2023-12-11,3,1,643,7
2261,2021-11-29,17,5,643,13
2262,2020-03-05,16,1,643,13
2263,2021-12-29,10,1,643,13
2264,2022-02-01,31,4,644,16
2265,2021-03-21,17,2,644,22
2266,2023-05-06,18,2,645,6
2267,2021-03-22,5,4,645,9
2268,2021-11-30,9,4,645,2
2269,2020-11-23,14,3,645,17
2270,2020-11-05,26,3,645,3
2271,2022-02-11,3,1,646,16
2272,2023-01-22,17,5,646,22
2273,2023-11-28,31,2,646,14
2274,2021-07-05,7,3,647,13
2275,2020-09-28,8,1,647,12
2276,2022-10-02,27,5,648,21
2277,2021-06-17,24,5,648,18
2278,2020-12-29,4,3,649,9
2279,2022-05-24,25,2,650,15
2280,2020-10-23,18,5,650,12
2281,2020-04-08,27,4,650,21
2282,2020-11-19,21,5,650,15
2283,2023-08-19,16,5,651,6
2284,2023-08-29,15,5,652,5
2285,2021-03-17,22,3,653,7
2286,2023-10-06,5,3,653,21
2287,2021-01-31,19,5,653,12
2288,2023-09-27,28,2,653,10
2289,2022-10-11,16,3,653,19
2290,2021-09-17,5,4,654,14
2291,2021-11-27,26,1,654,4
2292,2021-04-23,10,4,655,1
2293,2022-06-07,21,2,655,3
2294,2022-04-13,14,3,655,19
2295,2021-02-25,31,1,656,13
2296,2023-02-08,17,4,656,1
2297,2021-03-03,22,2,657,6
2298,2022-09-02,29,3,657,3
2299,2022-03-08,23,4,657,4
2300,2023-01-05,5,5,657,14
2301,2022-04-24,22,5,657,16
2302,2023-02-08,31,3,658,16
2303,2020-04-29,9,3,658,4
2304,2021-11-21,7,3,658,17
2305,2021-09-06,19,5,659,16
2306,2020-07-02,28,1,659,5
2307,2023-02-02,12,4,660,18
2308,2021-06-24,11,3,660,15
2309,2023-02-01,23,3,660,15
2310,2021-07-27,29,3,660,1
2311,2021-04-13,3,4,660,7
2312,2021-07-10,24,2,660,20
2313,2022-08-05,26,1,661,11
2314,2020-02-10,8,2,661,21
2315,2020-03-24,8,3,661,20
2316,2020-06-12,21,4,662,13
2317,2021-04-21,9,2,662,17
2318,2020-06-10,29,2,663,21
2319,2021-07-10,28,5,663,3
2320,2022-12-01,10,2,663,1
2321,2023-07-01,2,2,664,14
2322,2022-06-28,3,1,664,15
2323,2020-09-26,14,3,664,19
2324,2021-10-08,21,4,664,12
2325,2022-12-16,29,1,664,22
2326,2020-11-11,14,4,664,17
2327,2021-11-07,25,1,665,13
2328,2020-12-02,2,2,665,10
2329,2022-08-08,25,1,666,11
2330,2020-07-06,32,3,666,22
2331,2022-01-16,21,3,666,6
2332,2021-03-25,10,3,667,13
2333,2023-01-22,7,4,668,10
2334,2021-01-20,1,4,668,22
2335,2022-01-08,14,1,668,13
2336,2023-04-30,11,1,668,11
2337,2023-10-07,18,5,668,2
2338,2021-09-07,32,1,669,6
2339,2022-10-26,17,5,669,4
2340,2023-11-26,21,1,669,8
2341,2022-07-24,32,5,669,17
2342,2023-05-07,26,1,670,15
2343,2023-04-12,5,3,671,1
2344,2020-06-26,10,4,671,5
2345,2023-02-02,23,3,671,2
2346,2021-08-02,30,2,672,4
2347,2020-07-29,4,1,672,10
2348,2022-09-28,24,1,672,2
2349,2020-11-05,8,1,672,14
2350,2020-08-23,4,5,672,12
2351,2022-11-24,4,1,673,2
2352,2021-10-06,5,3,673,2
2353,2023-04-08,25,2,673,21
2354,2022-11-24,7,3,673,14
2355,2020-09-06,23,4,674,13
2356,2020-02-20,15,4,674,18
2357,2020-05-05,3,2,674,21
2358,2022-11-08,12,4,674,9
2359,2020-05-16,28,5,674,17
2360,2022-10-27,32,3,675,2
2361,2023-11-30,5,2,675,16
2362,2023-04-18,14,1,676,18
2363,2021-04-12,7,2,676,15
2364,2023-01-22,28,1,676,5
2365,2021-04-19,6,3,677,22
2366,2022-06-09,5,5,677,21
2367,2021-11-01,18,4,677,17
2368,2022-07-09,32,4,677,9
2369,2021-03-18,6,4,678,11
2370,2020-11-07,29,5,678,20
2371,2022-03-18,21,4,679,14
2372,2020-06-30,25,5,679,6
2373,2023-09-28,11,3,679,22
2374,2023-08-16,8,2,679,2
2375,2022-01-22,11,3,679,9
2376,2022-03-19,6,1,679,15
2377,2021-11-05,8,5,680,6
2378,2021-10-04,27,4,680,8
2379,2020-08-25,21,4,680,9
2380,2023-05-18,25,1,680,4
2381,2023-05-30,13,3,681,2
2382,2020-02-14,11,2,682,12
2383,2023-11-08,30,2,682,10
2384,2023-11-17,9,4,682,9
2385,2022-03-22,12,3,682,1
2386,2022-09-27,24,5,682,20
2387,2023-03-07,23,2,683,14
2388,2023-05-12,12,2,683,20
2389,2020-12-25,15,2,683,19
2390,2022-05-29,14,3,683,12
2391,2020-03-09,8,2,683,22
2392,2021-05-19,27,4,684,9
2393,2022-02-05,15,2,685,15
2394,2021-11-16,6,2,685,10
2395,2022-04-07,13,1,686,9
2396,2023-05-24,25,2,687,2
2397,2020-03-19,27,5,688,18
2398,2023-07-14,22,5,688,13
2399,2022-08-18,15,1,688,11
2400,2021-12-17,12,3,688,20
2401,2021-08-19,15,4,688,1
2402,2023-02-18,25,3,689,4
2403,2022-03-22,11,3,689,3
2404,2023-12-17,23,3,689,17
2405,2022-05-27,6,1,689,18
2406,2020-01-04,9,3,690,13
2407,2022-12-09,26,4,690,18
2408,2021-07-10,19,3,690,18
2409,2023-07-15,28,2,690,17
2410,2020-06-11,11,5,690,12
2411,2022-09-17,3,5,690,11
2412,2022-01-24,4,3,691,8
2413,2021-05-24,32,5,691,3
2414,2022-06-18,4,2,691,9
2415,2021-03-12,7,5,691,1
2416,2023-08-15,8,2,691,6
2417,2020-08-12,5,2,691,22
2418,2020-07-04,4,2,692,16
2419,2021-09-06,21,5,692,6
2420,2020-06-10,19,2,692,1
2421,2022-08-22,1,3,692,3
2422,2021-05-01,19,1,692,18
2423,2023-11-04,11,5,692,19
2424,2023-11-16,1,5,693,14
2425,2020-04-16,25,5,694,2
2426,2022-01-03,16,3,694,13
2427,2022-01-16,14,5,694,20
2428,2021-04-17,14,2,694,9
2429,2023-12-06,3,4,694,3
2430,2022-01-31,12,5,695,1
2431,2021-03-29,20,2,695,19
2432,2023-11-20,6,1,695,16
2433,2022-05-08,17,4,696,20
2434,2022-04-17,18,4,696,6
2435,2023-08-31,28,1,697,21
2436,2021-03-26,3,4,697,1
2437,2022-01-24,32,4,698,12
2438,2023-01-21,13,2,698,10
2439,2021-05-22,5,3,698,22
2440,2023-08-01,27,3,698,5
2441,2022-07-15,30,1,698,4
2442,2020-04-11,12,4,698,4
2443,2020-10-26,29,5,699,18
2444,2021-10-13,10,2,699,13
2445,2022-12-24,18,5,700,17
2446,2021-08-31,17,2,700,12
2447,2020-03-04,16,4,700,6
2448,2021-01-09,5,1,700,7
2449,2022-10-16,1,3,700,9
2450,2021-06-17,28,3,700,6
2451,2022-09-02,29,4,701,18
2452,2020-08-24,5,5,701,21
2453,2021-07-01,14,4,701,10
2454,2023-09-04,20,2,702,9
2455,2020-07-06,14,4,702,1
2456,2022-07-27,10,3,702,11
2457,2022-09-07,16,5,702,19
2458,2022-04-26,6,5,702,9
2459,2021-06-19,15,3,702,1
2460,2022-04-25,8,2,703,12
2461,2021-10-05,25,5,703,3
2462,2022-03-12,11,2,704,9
2463,2022-04-06,17,3,704,6
2464,2022-09-24,1,3,704,5
2465,2020-08-25,5,5,704,16
2466,2020-03-16,7,5,704,14
2467,2020-08-16,7,3,704,14
2468,2022-07-29,4,2,705,8
2469,2020-04-02,21,3,706,17
2470,2020-02-21,27,3,706,20
2471,2021-04-19,1,1,707,5
2472,2021-08-06,32,2,707,2
2473,2022-09-04,10,2,707,5
2474,2020-10-12,32,4,708,21
2475,2023-06-19,18,3,708,8
2476,2023-05-10,4,1,708,8
2477,2022-01-07,32,5,708,7
2478,2022-07-09,9,2,709,11
2479,2020-05-08,15,3,709,6
2480,2023-09-15,24,4,710,2
2481,2022-07-11,24,5,710,18
2482,2021-11-10,31,2,710,21
2483,2022-04-10,11,2,711,3
2484,2021-11-17,9,2,711,22
2485,2021-06-24,6,5,712,18
2486,2020-04-16,23,3,712,18
2487,2020-07-06,29,3,713,7
2488,2023-07-02,9,1,713,17
2489,2021-01-13,16,1,713,12
2490,2022-11-08,8,4,713,13
2491,2023-02-04,26,5,713,4
2492,2023-06-28,4,4,714,20
2493,2020-01-31,4,1,714,5
2494,2020-03-16,6,1,714,21
2495,2023-03-17,17,3,714,15
2496,2021-06-22,12,3,714,6
2497,2020-07-23,15,5,715,17
2498,2020-10-28,24,4,715,17
2499,2021-12-12,27,2,715,1
2500,2023-01-22,9,3,715,17
2501,2023-04-13,5,4,716,17
2502,2023-01-18,21,3,717,16
2503,2022-05-29,26,4,717,7
2504,2023-12-18,28,4,717,9
2505,2020-05-04,19,2,718,10
2506,2021-10-22,28,1,718,15
2507,2020-07-04,16,3,719,17
2508,2022-08-14,6,5,719,20
2509,2023-10-30,20,2,719,12
2510,2022-08-26,4,3,719,18
2511,2020-07-25,24,2,720,14
2512,2023-01-24,3,2,720,12
2513,2023-11-24,28,5,721,3
2514,2023-07-22,26,5,721,7
2515,2020-12-06,5,4,721,3
2516,2023-10-01,20,2,721,6
2517,2023-06-08,19,5,721,14
2518,2022-06-09,6,4,721,8
2519,2022-07-04,26,4,722,10
2520,2020-11-20,23,5,722,15
2521,2022-08-06,21,2,722,6
2522,2023-04-10,30,4,722,20
2523,2023-10-22,14,1,722,21
2524,2021-09-22,16,5,722,18
2525,2023-05-06,2,4,723,6
2526,2023-03-26,32,2,723,6
2527,2023-07-16,15,3,723,5
2528,2020-09-22,4,4,723,15
2529,2021-11-19,20,5,723,10
2530,2021-07-03,26,5,724,11
2531,2022-01-31,3,4,724,16
2532,2022-06-29,11,4,724,22
2533,2023-04-23,19,5,724,14
2534,2021-11-11,1,3,725,16
2535,2022-05-24,11,4,725,18
2536,2022-10-14,32,2,725,11
2537,2021-02-01,29,5,726,2
2538,2020-08-12,6,4,726,14
2539,2021-06-20,12,5,726,2
2540,2022-02-02,32,1,726,12
2541,2022-01-29,19,2,726,6
2542,2022-10-29,9,3,727,3
2543,2022-06-23,14,2,727,5
2544,2023-03-15,7,5,727,4
2545,2020-04-09,7,2,727,8
2546,2022-11-29,26,2,727,1
2547,2023-04-11,7,3,728,18
2548,2021-10-10,9,2,728,15
2549,2022-02-23,3,4,728,7
2550,2022-07-15,29,2,728,2
2551,2021-09-04,21,2,729,21
2552,2022-01-11,8,5,730,13
2553,2023-01-29,13,2,730,1
2554,2020-08-24,25,4,730,2
2555,2020-01-04,4,5,730,11
2556,2021-09-23,15,2,730,8
2557,2021-05-03,18,5,731,19
2558,2022-09-09,14,2,731,3
2559,2021-06-10,17,1,732,9
2560,2023-06-09,23,3,733,12
2561,2020-08-12,24,3,733,14
2562,2021-01-25,30,1,733,21
2563,2020-06-08,10,2,734,21
2564,2023-12-14,5,2,735,3
2565,2023-05-18,17,5,736,22
2566,2023-07-12,21,3,736,5
2567,2020-10-04,13,5,736,14
2568,2023-08-15,13,5,736,1
2569,2022-01-02,28,4,736,9
2570,2020-09-16,19,4,736,21
2571,2021-07-02,15,1,737,5
2572,2023-11-01,7,5,737,16
2573,2020-06-19,11,3,737,3
2574,2022-07-08,1,1,737,6
2575,2021-09-04,3,5,737,21
2576,2020-08-26,21,5,738,2
2577,2022-11-23,6,1,739,1
2578,2022-03-14,10,3,739,2
2579,2021-03-29,31,3,739,9
2580,2022-04-02,29,3,740,22
2581,2020-01-02,29,3,740,16
2582,2022-11-10,23,3,740,15
2583,2023-11-02,1,1,740,5
2584,2023-08-15,30,5,740,5
2585,2023-10-03,2,2,740,4
2586,2020-08-24,18,5,741,15
2587,2023-06-16,30,4,741,19
2588,2021-03-05,21,1,741,12
2589,2021-11-17,23,5,741,13
2590,2020-09-21,13,3,741,1
2591,2020-10-11,24,3,742,19
2592,2023-11-15,19,4,742,20
2593,2022-04-12,16,4,742,3
2594,2021-07-17,9,1,743,2
2595,2020-06-13,8,2,743,7
2596,2022-06-24,18,1,743,22
2597,2022-04-07,20,1,743,19
2598,2022-09-29,23,5,744,11
2599,2021-08-07,13,5,745,19
2600,2023-08-24,28,4,745,8
2601,2021-05-18,15,1,745,1
2602,2020-07-22,17,2,745,17
2603,2022-04-15,16,3,745,14
2604,2021-08-14,2,1,745,12
2605,2022-04-09,4,5,746,6
2606,2023-10-12,28,3,746,10
2607,2020-02-18,17,2,746,8
2608,2021-02-10,6,3,746,8
2609,2023-06-18,24,5,746,4
2610,2023-09-13,23,1,747,3
2611,2021-07-07,28,1,747,22
2612,2020-05-19,28,5,747,3
2613,2023-07-14,25,3,747,5
2614,2023-03-04,24,3,748,18
2615,2023-10-01,21,3,748,15
2616,2022-10-30,9,4,748,21
2617,2023-01-17,19,3,748,19
2618,2020-05-18,22,3,749,5
2619,2020-11-25,1,4,749,3
2620,2021-11-16,25,2,749,7
2621,2020-08-26,29,3,750,15
2622,2021-11-03,31,2,750,13
2623,2022-04-17,14,4,750,12
2624,2021-10-24,18,5,750,1
2625,2022-04-23,22,2,750,16
2626,2020-05-30,25,2,751,6
2627,2022-02-09,25,3,751,13
2628,2022-06-22,21,3,751,21
2629,2023-12-03,31,4,751,22
2630,2023-11-27,9,2,752,17
2631,2021-07-17,1,3,752,16
2632,2023-11-24,9,1,752,22
2633,2022-12-21,25,2,752,16
2634,2021-08-29,2,4,752,20
2635,2021-11-20,13,3,752,8
2636,2021-12-08,21,3,753,15
2637,2022-04-06,12,5,754,10
2638,2020-11-04,27,2,755,15
2639,2021-05-02,10,3,756,5
2640,2021-05-30,32,2,756,15
2641,2021-03-12,15,1,756,13
2642,2020-03-15,10,2,756,22
2643,2021-10-26,25,2,756,20
2644,2020-02-19,30,2,757,10
2645,2021-07-28,32,5,757,18
2646,2023-05-18,7,3,758,13
2647,2021-02-24,4,2,758,22
2648,2022-09-09,28,5,758,21
2649,2020-09-06,26,3,758,1
2650,2020-07-01,20,1,758,17
2651,2020-06-25,2,4,759,19
2652,2020-09-14,26,3,759,20
2653,2021-01-26,29,1,760,19
2654,2021-01-06,12,2,760,21
2655,2023-01-27,25,5,760,20
2656,2023-03-23,17,1,760,8
2657,2020-11-13,6,2,761,3
2658,2020-12-11,24,1,761,1
2659,2021-04-19,1,5,761,6
2660,2022-11-24,18,2,762,18
2661,2023-07-28,1,5,763,7
2662,2023-01-12,6,3,763,16
2663,2023-03-16,15,3,763,21
2664,2023-07-31,11,1,763,14
2665,2020-02-03,21,2,763,21
2666,2022-02-11,21,3,764,10
2667,2021-10-03,11,1,764,11
2668,2021-12-12,15,3,764,16
2669,2023-11-27,1,3,765,3
2670,2021-10-20,4,4,765,8
2671,2021-02-27,27,3,765,3
2672,2022-09-23,25,5,765,11
2673,2021-03-15,18,5,766,22
2674,2023-04-10,11,2,766,9
2675,2020-06-26,22,4,766,12
2676,2023-04-28,2,1,766,2
2677,2020-11-20,5,2,766,15
2678,2022-06-23,5,5,767,15
2679,2020-04-26,12,4,767,2
2680,2021-02-15,12,2,768,18
2681,2020-01-23,16,3,768,18
2682,2022-08-12,19,4,769,16
2683,2021-10-10,28,5,769,2
2684,2021-03-07,29,2,769,8
2685,2021-02-15,9,1,769,6
2686,2021-04-23,22,4,769,20
2687,2023-11-17,27,3,770,14
2688,2020-03-22,32,2,771,22
2689,2020-06-10,1,1,771,20
2690,2020-07-08,18,4,772,18
2691,2022-06-02,30,5,772,21
2692,2021-06-22,32,5,772,13
2693,2022-01-11,23,3,772,2
2694,2020-08-17,10,3,773,2
2695,2022-08-14,31,3,773,10
2696,2021-06-19,14,2,773,10
2697,2021-01-26,31,1,774,1
2698,2020-03-26,13,4,774,6
2699,2022-06-17,15,3,774,7
2700,2021-06-14,17,1,774,2
2701,2020-08-26,28,1,774,22
2702,2021-09-13,12,3,774,7
2703,2021-02-20,1,4,775,16
2704,2022-07-23,31,2,775,7
2705,2021-12-29,25,1,776,4
2706,2020-02-05,3,1,776,6
2707,2023-07-19,15,2,776,10
2708,2022-11-30,21,1,776,7
2709,2023-06-30,27,4,776,1
2710,2022-06-29,24,5,777,5
2711,2020-05-31,5,3,777,11
2712,2023-11-11,29,3,778,8
2713,2022-08-10,21,3,778,5
2714,2020-09-04,22,4,778,5
2715,2021-01-24,17,1,778,5
2716,2021-07-23,8,2,779,8
2717,2023-11-20,19,3,779,18
2718,2020-02-12,1,3,779,6
2719,2020-05-15,24,4,779,21
2720,2023-02-02,11,4,780,6
2721,2023-01-21,15,1,780,20
2722,2022-10-03,11,4,780,8
2723,2022-01-17,31,3,780,12
2724,2020-03-02,5,4,781,11
2725,2023-09-24,12,2,782,21
2726,2023-12-14,13,1,782,13
2727,2021-03-13,26,3,782,14
2728,2021-12-24,23,2,783,17
2729,2023-02-15,10,2,783,12
2730,2022-06-30,14,4,783,17
2731,2020-11-13,29,4,784,6
2732,2022-09-30,14,4,784,7
2733,2020-02-12,16,1,784,6
2734,2021-04-06,24,5,784,14
2735,2023-04-05,31,1,784,20
2736,2020-01-20,15,4,784,3
2737,2020-09-27,22,2,785,14
2738,2021-02-27,16,4,785,19
2739,2021-04-15,27,1,785,2
2740,2021-07-06,5,5,786,10
2741,2023-02-28,13,3,786,22
2742,2023-07-13,28,1,786,3
2743,2023-06-12,1,2,786,3
2744,2022-07-03,12,3,787,16
2745,2021-01-16,14,3,787,7
2746,2022-11-10,6,4,788,7
2747,2022-09-29,6,3,789,1
2748,2021-05-20,12,2,789,10
2749,2022-07-08,13,1,789,19
2750,2020-10-09,14,2,789,20
2751,2021-07-06,23,1,790,20
2752,2023-07-10,20,1,790,13
2753,2021-03-26,21,1,790,10
2754,2020-07-17,29,3,790,9
2755,2023-10-25,18,1,791,20
2756,2023-05-14,32,4,791,15
2757,2023-10-14,8,1,792,3
2758,2020-03-23,18,4,793,9
2759,2022-09-13,6,3,793,18
2760,2022-12-20,7,2,793,4
2761,2022-12-30,12,2,793,11
2762,2023-02-13,17,2,793,12
2763,2021-02-05,11,1,793,12
2764,2022-08-13,23,5,794,6
2765,2021-10-15,3,5,795,14
2766,2020-06-17,18,5,795,17
2767,2023-06-02,26,1,795,4
2768,2021-12-11,6,3,796,18
2769,2023-03-12,12,5,797,18
2770,2021-12-22,26,5,798,13
2771,2021-11-14,15,3,798,13
2772,2020-11-14,20,1,799,1
2773,2022-04-25,22,2,800,12
2774,2020-10-24,9,1,800,19
2775,2020-02-17,20,2,800,18
2776,2023-04-27,30,2,800,3
2777,2022-01-27,5,4,800,2
2778,2020-10-07,28,3,800,19
2779,2023-10-19,19,5,801,9
2780,2021-10-03,3,4,801,7
2781,2023-08-27,15,2,801,10
2782,2023-12-26,29,1,801,3
2783,2023-06-09,20,5,801,8
2784,2021-10-08,20,4,801,15
2785,2022-02-12,13,3,802,2
2786,2021-02-24,28,1,803,3
2787,2021-05-05,30,1,803,12
2788,2023-08-15,15,2,803,11
2789,2022-06-01,30,2,803,9
2790,2020-01-05,32,4,804,13
2791,2020-09-30,15,2,804,4
2792,2020-03-29,14,3,805,11
2793,2021-12-20,18,1,805,11
2794,2021-03-18,21,3,806,13
2795,2023-09-02,25,5,806,16
2796,2023-10-11,7,1,806,4
2797,2020-02-24,32,5,806,18
2798,2021-01-07,15,4,806,8
2799,2021-06-19,15,1,806,17
2800,2021-09-25,7,4,807,8
2801,2020-01-02,11,1,807,13
2802,2021-03-05,4,5,807,4
2803,2020-03-20,3,4,807,9
2804,2023-08-02,4,1,807,14
2805,2021-03-21,29,1,808,8
2806,2023-01-09,30,2,808,3
2807,2020-11-16,5,2,808,4
2808,2023-10-30,4,5,808,1
2809,2020-04-25,22,3,809,15
2810,2023-08-26,24,3,809,20
2811,2021-05-13,30,2,809,6
2812,2020-05-22,10,4,810,7
2813,2020-09-13,14,4,810,21
2814,2022-11-15,28,3,811,5
2815,2023-11-11,17,1,811,19
2816,2021-04-23,17,4,812,14
2817,2021-05-28,14,2,812,10
2818,2020-09-15,1,3,812,7
2819,2022-08-31,9,2,812,22
2820,2021-07-18,32,2,813,20
2821,2022-08-03,4,1,813,15
2822,2022-12-22,4,2,813,7
2823,2020-05-14,12,4,813,5
2824,2023-07-15,10,4,813,16
2825,2020-10-25,9,4,813,16
2826,2021-11-30,23,5,814,6
2827,2021-09-30,6,1,814,1
2828,2023-08-05,4,3,814,17
2829,2020-05-30,12,2,814,21
2830,2022-02-20,22,2,814,1
2831,2022-07-06,29,4,814,2
2832,2023-05-28,16,4,815,19
2833,2021-06-27,17,5,815,21
2834,2020-11-02,4,2,816,1
2835,2022-07-14,26,3,816,1
2836,2021-12-12,7,3,816,8
2837,2023-11-19,18,5,816,20
2838,2023-11-18,17,3,816,11
2839,2021-04-04,4,2,817,8
2840,2023-03-23,10,3,817,18
2841,2022-01-09,23,3,818,19
2842,2021-01-22,12,3,819,1
2843,2021-12-12,26,3,819,2
2844,2023-05-03,13,5,819,15
2845,2020-02-02,10,2,819,19
2846,2023-02-19,13,2,820,10
2847,2021-04-18,22,2,821,8
2848,2020-10-24,10,4,822,2
2849,2021-09-13,17,5,822,21
2850,2022-09-19,5,3,822,21
2851,2020-09-11,23,4,822,10
2852,2022-07-21,3,4,823,2
2853,2020-02-11,24,3,823,20
2854,2021-11-08,8,4,824,4
2855,2020-03-07,19,5,825,15
2856,2023-12-26,15,5,825,10
2857,2021-09-26,25,1,826,12
2858,2020-07-27,28,3,827,4
2859,2021-07-31,22,5,827,22
2860,2022-06-04,11,4,827,4
2861,2020-06-28,30,3,827,19
2862,2023-04-09,14,1,827,2
2863,2023-11-25,22,4,827,19
2864,2021-07-10,30,2,828,19
2865,2021-02-11,25,2,828,21
2866,2020-05-13,21,3,829,22
2867,2020-07-16,32,4,829,21
2868,2020-01-01,8,1,829,12
2869,2020-11-24,21,5,830,5
2870,2020-05-25,23,5,830,11
2871,2022-10-03,26,3,830,8
2872,2021-02-22,19,2,830,1
2873,2020-03-29,32,2,830,15
2874,2022-09-13,4,2,830,17
2875,2023-05-07,31,1,831,21
2876,2020-03-12,30,2,831,19
2877,2020-01-26,30,4,832,5
2878,2022-09-20,13,3,833,10
2879,2021-01-05,32,5,834,22
2880,2021-08-28,13,1,834,22
2881,2023-01-17,28,5,834,17
2882,2020-03-14,13,1,834,18
2883,2022-07-19,15,2,834,4
2884,2023-05-03,20,5,835,19
2885,2020-07-09,15,4,835,15
2886,2023-01-01,22,4,835,22
2887,2020-06-02,21,3,835,11
2888,2023-12-19,12,5,835,18
2889,2020-01-14,17,3,836,17
2890,2020-08-10,12,5,836,13
2891,2022-06-17,22,4,837,13
2892,2021-03-19,30,5,837,11
2893,2020-07-12,9,2,837,6
2894,2020-09-07,28,2,838,9
2895,2021-09-25,22,2,839,14
2896,2020-10-29,32,1,839,15
2897,2022-09-22,20,5,839,14
2898,2021-04-03,11,4,840,14
2899,2023-11-22,26,5,840,10
2900,2020-07-15,13,5,840,22
2901,2021-12-13,16,4,840,16
2902,2023-11-10,24,2,840,7
2903,2023-10-04,29,3,841,3
2904,2020-04-30,3,5,841,7
2905,2022-08-11,19,2,842,9
2906,2022-05-05,5,1,842,5
2907,2023-01-03,1,5,843,6
2908,2021-12-02,27,5,843,14
2909,2022-07-01,12,3,843,1
2910,2023-01-10,24,5,843,18
2911,2021-06-14,11,5,844,7
2912,2021-02-22,6,5,844,3
2913,2022-09-09,24,5,844,20
2914,2022-12-05,18,2,845,15
2915,2023-10-29,20,5,845,2
2916,2023-01-25,32,2,845,21
2917,2023-04-14,13,1,845,13
2918,2020-06-11,26,1,845,22
2919,2023-09-11,6,2,845,5
2920,2021-04-06,18,4,846,16
2921,2023-01-28,6,5,846,17
2922,2021-08-12,9,3,847,16
2923,2022-02-19,9,5,847,8
2924,2023-08-09,2,2,847,5
2925,2022-11-01,23,4,847,19
2926,2022-05-09,21,4,847,11
2927,2022-03-04,10,2,848,11
2928,2021-01-14,4,1,848,1
2929,2020-11-01,29,5,849,2
2930,2020-01-23,30,4,849,1
2931,2023-04-15,28,1,849,8
2932,2023-01-22,12,2,850,6
2933,2020-01-25,11,4,850,22
2934,2021-09-04,30,1,850,20
2935,2022-09-26,17,3,851,18
2936,2020-06-20,13,4,851,12
2937,2020-10-12,16,4,851,18
2938,2022-02-24,32,2,852,4
2939,2020-04-12,18,5,852,10
2940,2021-10-03,23,3,852,18
2941,2020-12-11,14,1,852,1
2942,2020-06-17,5,5,853,19
2943,2020-10-14,5,4,854,8
2944,2022-05-10,20,2,854,1
2945,2021-12-08,9,5,854,1
2946,2021-08-18,1,2,854,10
2947,2021-03-04,23,3,854,10
2948,2021-01-06,30,1,854,15
2949,2020-09-17,24,5,855,18
2950,2020-11-02,4,5,855,5
2951,2021-08-26,24,5,855,21
2952,2022-10-12,18,1,855,12
2953,2021-05-26,2,1,855,9
2954,2021-03-19,18,4,856,3
2955,2022-12-24,3,2,856,3
2956,2021-01-18,2,1,856,22
2957,2023-06-15,25,5,856,12
2958,2022-03-13,31,3,857,2
2959,2023-08-25,16,3,857,1
2960,2022-04-10,29,1,857,5
2961,2021-06-23,6,5,858,15
2962,2023-11-05,14,1,859,7
2963,2022-05-02,11,1,859,9
2964,2023-12-03,29,5,859,8
2965,2023-01-23,27,5,859,21
2966,2021-02-15,29,4,859,3
2967,2020-06-17,27,4,859,22
2968,2022-04-12,14,1,860,4
2969,2021-03-13,32,2,860,18
2970,2020-03-09,30,4,860,11
2971,2021-11-04,21,2,860,1
2972,2022-07-30,1,1,861,9
2973,2023-12-07,14,1,862,9
2974,2023-01-20,2,2,863,9
2975,2023-08-14,14,5,863,19
2976,2021-11-25,3,3,863,15
2977,2020-02-16,4,1,863,20
2978,2022-09-28,15,4,864,16
2979,2022-03-27,20,4,865,21
2980,2022-01-07,7,4,865,2
2981,2021-10-16,11,4,866,12
2982,2020-04-27,23,3,867,16
2983,2023-02-21,23,5,867,18
2984,2020-10-20,20,1,867,13
2985,2021-05-03,22,4,867,19
2986,2023-04-13,10,4,867,13
2987,2022-09-02,32,4,867,11
2988,2022-10-28,32,2,868,11
2989,2023-10-16,14,1,868,4
2990,2023-07-15,30,1,869,15
2991,2020-01-27,22,1,869,17
2992,2023-08-22,19,4,869,15
2993,2022-05-20,25,5,869,20
2994,2020-10-08,2,1,869,8
2995,2020-04-18,14,3,870,8
2996,2022-06-04,29,4,870,17
2997,2022-09-04,6,3,870,18
2998,2020-10-28,15,1,870,17
2999,2023-06-24,28,2,870,21
3000,2022-11-30,15,1,870,6
3001,2021-02-24,13,4,871,14
3002,2022-12-18,29,1,872,4
3003,2021-11-20,20,5,872,22
3004,2023-10-19,8,3,873,20
3005,2023-05-23,2,1,873,2
3006,2023-02-12,3,2,873,14
3007,2022-10-27,3,4,873,10
3008,2022-09-16,27,3,873,14
3009,2021-01-25,20,5,873,18
3010,2020-06-06,17,2,874,20
3011,2021-03-17,23,3,874,18
3012,2022-07-03,31,5,874,1
3013,2023-02-19,26,4,875,14
3014,2022-07-06,23,4,875,3
3015,2023-02-18,21,2,875,3
3016,2023-03-10,22,2,875,9
3017,2021-02-06,7,2,875,17
3018,2023-10-15,22,4,875,4
3019,2023-12-04,26,1,876,21
3020,2023-08-25,15,5,876,4
3021,2022-02-21,9,1,876,6
3022,2022-05-11,29,1,876,12
3023,2022-04-16,20,2,876,1
3024,2020-02-17,1,3,877,14
3025,2023-06-11,26,3,877,21
3026,2020-03-10,23,4,877,2
3027,2020-08-20,1,2,877,3
3028,2023-05-21,20,5,877,3
3029,2023-08-12,25,4,878,14
3030,2021-11-08,23,2,878,17
3031,2022-11-02,14,2,878,10
3032,2020-06-28,18,3,878,5
3033,2022-06-28,21,3,878,13
3034,2020-12-16,11,2,879,3
3035,2023-06-08,8,4,879,8
3036,2023-11-29,2,4,879,22
3037,2021-08-13,27,5,880,19
3038,2020-03-21,21,3,880,18
3039,2023-05-03,9,5,880,10
3040,2020-07-16,19,2,880,1
3041,2022-12-11,4,4,880,17
3042,2020-05-19,16,4,880,1
3043,2020-02-12,14,2,881,14
3044,2021-06-04,16,1,881,4
3045,2020-12-16,10,4,882,10
3046,2023-10-05,24,2,882,17
3047,2020-07-12,28,2,882,7
3048,2023-11-13,5,4,882,12
3049,2023-08-14,3,2,882,7
3050,2021-11-16,30,5,882,9
3051,2022-06-25,17,1,883,7
3052,2020-09-28,28,2,883,7
3053,2023-05-28,20,3,884,15
3054,2022-09-29,22,4,884,22
3055,2023-05-26,3,2,884,4
3056,2023-02-21,13,2,885,20
3057,2022-06-19,17,5,885,16
3058,2020-02-18,23,4,885,11
3059,2021-07-05,30,5,886,22
3060,2023-08-02,9,3,886,17
3061,2021-12-22,29,1,886,20
3062,2022-03-06,14,2,886,14
3063,2021-08-22,6,5,887,2
3064,2022-02-17,26,4,887,8
3065,2023-12-29,13,5,888,12
3066,2023-12-27,9,5,888,21
3067,2022-11-30,24,2,888,22
3068,2023-02-22,15,1,889,8
3069,2021-03-03,31,2,889,20
3070,2022-08-23,23,1,889,3
3071,2022-09-26,28,4,889,12
3072,2020-06-18,26,1,889,11
3073,2022-05-31,4,4,890,5
3074,2021-10-13,26,5,890,12
3075,2021-01-27,15,4,891,20
3076,2020-04-20,17,4,891,19
3077,2021-03-03,22,4,891,19
3078,2023-07-28,14,4,891,10
3079,2022-12-19,9,1,891,4
3080,2021-11-13,25,5,892,4
3081,2020-12-12,21,4,893,16
3082,2021-08-25,31,2,893,10
3083,2023-09-06,28,4,893,12
3084,2022-11-18,12,2,893,11
3085,2021-08-25,1,1,894,1
3086,2023-03-14,23,2,894,15
3087,2021-07-12,17,4,895,3
3088,2023-09-07,3,2,896,22
3089,2021-08-30,17,1,896,18
3090,2020-05-06,11,2,896,12
3091,2021-12-11,1,4,896,8
3092,2020-11-12,27,3,896,1
3093,2021-08-26,12,3,896,2
3094,2023-09-13,10,2,897,18
3095,2022-07-09,7,2,898,21
3096,2020-05-25,26,2,898,13
3097,2022-08-04,23,4,898,20
3098,2022-04-13,14,2,898,13
3099,2022-07-06,32,2,898,11
3100,2020-12-29,32,3,899,20
3101,2023-05-05,23,1,899,7
3102,2020-08-22,24,2,899,14
3103,2020-10-19,23,3,900,16
3104,2021-01-12,30,4,900,22
3105,2020-05-20,24,1,901,16
3106,2020-01-18,16,5,901,14
3107,2023-11-12,12,4,901,18
3108,2022-12-01,12,2,901,22
3109,2022-08-23,14,1,901,20
3110,2023-07-16,3,3,901,8
3111,2022-10-05,17,1,902,12
3112,2020-03-14,8,4,902,13
3113,2023-07-13,1,3,903,10
3114,2021-10-23,31,3,903,5
3115,2021-11-23,18,4,903,17
3116,2023-01-26,20,3,903,17
3117,2020-07-21,32,2,904,13
3118,2021-07-04,23,5,904,6
3119,2023-10-07,9,3,904,22
3120,2020-08-13,32,1,904,14
3121,2023-10-18,25,5,905,15
3122,2022-06-15,5,4,905,18
3123,2023-06-06,26,2,905,12
3124,2021-03-24,32,2,906,19
3125,2023-06-24,10,5,906,11
3126,2020-09-02,6,4,906,9
3127,2023-11-23,26,3,906,12
3128,2023-04-27,4,2,907,16
3129,2020-06-03,32,4,907,5
3130,2020-12-13,18,1,907,10
3131,2021-11-01,1,2,908,7
3132,2022-12-23,14,3,908,17
3133,2020-10-13,13,1,908,7
3134,2020-10-28,17,2,908,21
3135,2023-11-27,23,5,909,4
3136,2021-02-15,11,2,909,16
3137,2023-04-04,28,4,909,4
3138,2021-01-11,26,5,909,13
3139,2020-09-19,10,3,909,8
3140,2021-02-14,23,5,910,14
3141,2021-10-14,1,3,910,22
3142,2023-07-05,6,3,910,5
3143,2021-11-18,9,3,910,9
3144,2023-07-18,19,2,911,11
3145,2022-07-04,9,1,911,1
3146,2022-12-17,6,1,911,21
3147,2021-02-07,16,1,911,1
3148,2022-03-13,29,4,912,1
3149,2021-10-11,5,2,912,6
3150,2020-08-18,14,2,912,3
3151,2020-01-01,24,2,912,15
3152,2022-08-18,9,4,912,21
3153,2022-02-19,11,2,912,3
3154,2023-11-03,2,2,913,15
3155,2021-12-27,30,2,913,16
3156,2020-09-04,26,3,913,9
3157,2023-11-23,31,3,913,6
3158,2020-01-23,19,4,914,5
3159,2020-12-21,31,1,914,4
3160,2020-10-11,2,1,914,7
3161,2022-12-15,4,3,915,17
3162,2022-02-07,17,1,915,22
3163,2023-10-10,24,5,915,12
3164,2021-08-09,28,3,915,10
3165,2021-02-07,5,4,915,22
3166,2022-11-13,17,4,916,22
3167,2022-11-22,27,1,916,17
3168,2022-05-08,26,3,916,7
3169,2022-05-28,18,2,916,12
3170,2020-08-26,27,3,916,12
3171,2022-07-23,31,4,917,8
3172,2020-12-28,19,2,917,1
3173,2023-07-03,25,5,917,3
3174,2023-08-07,7,1,918,16
3175,2020-03-18,26,1,918,21
3176,2021-03-08,18,4,918,5
3177,2020-04-07,29,3,918,11
3178,2022-04-24,22,1,919,9
3179,2020-05-17,2,4,919,7
3180,2022-02-07,9,2,919,20
3181,2023-06-07,20,1,919,2
3182,2021-12-17,32,1,920,22
3183,2020-06-19,25,5,920,13
3184,2023-06-01,10,4,921,8
3185,2020-05-29,26,1,921,21
3186,2020-05-04,23,4,921,11
3187,2022-06-26,8,5,922,14
3188,2020-11-24,24,4,922,16
3189,2022-03-08,18,2,923,15
3190,2020-03-16,31,4,924,1
3191,2023-09-11,10,4,924,9
3192,2021-12-15,6,1,924,8
3193,2021-02-09,24,4,925,11
3194,2023-11-27,3,4,925,9
3195,2021-10-16,21,5,925,21
3196,2022-09-12,10,2,925,4
3197,2022-09-02,32,5,925,21
3198,2022-12-19,32,3,925,12
3199,2020-02-15,21,3,926,4
3200,2020-12-02,31,3,926,3
3201,2022-12-15,6,3,926,13
3202,2022-07-05,20,3,926,21
3203,2022-11-23,32,4,927,9
3204,2021-05-13,4,5,927,21
3205,2022-01-14,27,5,928,18
3206,2021-06-17,14,4,929,15
3207,2021-04-18,9,5,929,5
3208,2022-05-10,31,4,929,21
3209,2020-05-17,1,1,929,22
3210,2020-10-28,19,1,930,15
3211,2020-12-28,27,4,930,4
3212,2023-06-20,22,3,930,9
3213,2022-02-07,22,3,930,13
3214,2022-01-24,5,3,931,14
3215,2023-09-21,22,5,932,7
3216,2023-10-27,23,3,932,18
3217,2021-03-25,29,1,932,7
3218,2022-04-21,24,3,932,8
3219,2021-09-24,26,3,932,14
3220,2021-03-09,10,2,933,14
3221,2020-01-26,19,4,933,20
3222,2021-01-07,27,4,933,2
3223,2020-10-01,13,2,934,9
3224,2021-09-23,1,2,934,21
3225,2023-09-02,15,4,934,18
3226,2020-02-04,19,2,934,20
3227,2022-01-08,31,1,934,12
3228,2023-08-11,12,1,935,5
3229,2020-07-17,6,4,935,10
3230,2021-03-04,7,1,935,1
3231,2022-08-06,26,5,935,4
3232,2023-10-04,5,4,935,6
3233,2020-08-23,31,3,935,9
3234,2020-11-08,4,3,936,11
3235,2022-10-18,18,3,936,9
3236,2020-11-10,7,3,937,3
3237,2023-07-14,23,3,937,20
3238,2023-06-02,14,5,938,4
3239,2021-04-05,22,3,938,3
3240,2020-11-15,7,1,938,12
3241,2021-12-08,29,3,938,3
3242,2023-11-15,19,4,938,8
3243,2021-02-18,10,5,938,7
3244,2020-03-26,24,3,939,8
3245,2020-09-05,18,3,939,17
3246,2021-11-15,1,2,940,13
3247,2022-06-09,20,3,940,15
3248,2021-09-25,8,2,941,10
3249,2021-12-10,32,3,941,6
3250,2023-09-11,15,1,942,14
3251,2023-01-23,26,5,943,11
3252,2020-01-08,18,1,943,17
3253,2022-10-13,17,3,943,22
3254,2023-09-28,4,3,944,21
3255,2020-01-16,10,1,945,7
3256,2020-09-08,3,1,945,19
3257,2021-08-15,5,3,946,17
3258,2022-10-22,15,1,946,17
3259,2022-03-12,6,3,946,9
3260,2021-07-05,29,4,946,6
3261,2023-08-28,14,2,947,3
3262,2020-06-16,18,4,947,19
3263,2022-06-03,2,1,947,17
3264,2022-07-07,3,1,947,4
3265,2023-07-11,21,1,947,6
3266,2023-01-16,23,5,948,10
3267,2022-07-19,26,3,949,11
3268,2021-09-02,19,3,949,1
3269,2022-01-05,9,3,950,9
3270,2023-08-22,2,1,950,21
3271,2023-01-25,10,4,950,17
3272,2020-05-26,19,2,951,7
3273,2022-04-27,12,1,951,17
3274,2022-05-05,12,3,951,8
3275,2020-02-12,5,1,951,21
3276,2020-01-06,29,1,952,1
3277,2020-03-30,7,5,953,10
3278,2020-12-06,17,5,953,15
3279,2022-03-28,9,4,953,10
3280,2020-06-09,8,5,953,15
3281,2022-12-27,25,1,953,1
3282,2022-09-22,4,1,953,13
3283,2022-06-06,19,5,954,13
3284,2022-08-01,22,2,955,17
3285,2023-01-29,6,5,955,17
3286,2022-10-15,27,1,955,10
3287,2022-01-17,16,4,955,18
3288,2023-07-16,23,1,955,7
3289,2022-12-21,19,5,956,13
3290,2022-10-15,21,4,956,8
3291,2023-06-17,4,2,956,14
3292,2021-08-08,10,5,957,11
3293,2023-07-10,14,3,958,21
3294,2022-09-04,9,3,959,11
3295,2020-11-26,24,1,959,5
3296,2021-08-25,32,5,960,22
3297,2023-01-26,30,3,960,20
3298,2022-02-09,12,5,960,13
3299,2021-01-28,8,3,961,9
3300,2021-08-10,29,4,961,12
3301,2022-07-12,4,5,961,14
3302,2023-08-03,1,2,961,13
3303,2020-12-11,24,3,961,20
3304,2022-08-23,25,1,962,21
3305,2021-01-30,16,5,962,4
3306,2021-11-09,22,1,962,3
3307,2023-05-31,8,3,962,22
3308,2021-08-03,29,3,963,11
3309,2023-11-30,6,5,963,8
3310,2020-10-16,7,5,963,19
3311,2023-10-01,20,1,963,20
3312,2021-04-20,1,4,964,19
3313,2020-05-07,15,2,964,6
3314,2022-02-09,7,4,964,7
3315,2022-02-11,6,1,964,9
3316,2023-08-07,26,5,965,2
3317,2021-06-21,7,1,965,11
3318,2022-02-01,17,1,965,7
3319,2023-06-11,15,2,965,5
3320,2021-03-21,12,5,965,19
3321,2020-10-09,16,1,966,13
3322,2023-08-25,26,4,966,14
3323,2021-12-06,11,5,967,3
3324,2023-06-27,3,2,968,22
3325,2021-04-28,9,3,968,5
3326,2020-02-21,22,1,968,7
3327,2020-12-31,23,1,968,10
3328,2021-06-27,24,4,968,21
3329,2023-11-04,19,1,969,2
3330,2022-02-26,15,1,969,13
3331,2021-03-11,30,2,969,8
3332,2022-06-17,20,4,970,16
3333,2020-05-19,12,3,970,18
3334,2021-01-08,19,3,970,1
3335,2023-12-04,23,2,970,17
3336,2021-09-15,25,1,971,15
3337,2022-01-01,30,5,971,16
3338,2020-11-12,17,3,972,16
3339,2020-10-15,7,4,973,22
3340,2023-03-13,30,5,973,21
3341,2022-01-10,25,1,973,9
3342,2021-05-17,18,5,974,19
3343,2021-08-12,21,1,975,20
3344,2023-09-08,3,4,975,13
3345,2020-12-12,22,1,975,8
3346,2023-07-04,19,2,975,20
3347,2022-03-05,11,5,975,11
3348,2023-11-25,1,3,976,20
3349,2022-09-21,8,5,976,13
3350,2023-06-13,24,3,976,12
3351,2021-01-07,3,1,976,9
3352,2023-10-05,9,4,977,1
3353,2020-09-06,27,5,977,3
3354,2022-09-21,15,1,977,3
3355,2022-08-26,29,2,978,12
3356,2021-07-18,12,1,978,3
3357,2022-06-24,28,3,978,22
3358,2023-12-14,31,3,979,15
3359,2023-08-15,7,3,980,7
3360,2020-06-03,18,1,980,4
3361,2021-04-06,13,5,981,15
3362,2021-01-29,3,4,981,10
3363,2020-02-18,5,1,981,15
3364,2021-09-07,17,3,981,9
3365,2022-05-04,18,3,981,8
3366,2023-11-07,4,2,981,21
3367,2021-10-25,11,2,982,9
3368,2022-07-24,26,3,982,16
3369,2020-10-13,21,4,982,17
3370,2022-02-08,21,5,982,16
3371,2022-06-17,18,4,983,10
3372,2022-12-08,28,3,983,5
3373,2022-07-05,18,1,983,10
3374,2020-12-04,11,5,983,17
3375,2020-12-02,24,5,984,9
3376,2023-11-29,20,3,985,14
3377,2022-08-02,20,4,985,6
3378,2021-06-11,14,4,985,3
3379,2022-09-12,6,5,985,18
3380,2021-05-15,15,2,986,4
3381,2022-12-27,3,3,986,4
3382,2023-09-03,32,3,986,1
3383,2022-03-14,24,4,986,4
3384,2020-11-01,25,4,986,7
3385,2020-12-29,19,3,986,15
3386,2022-04-26,31,3,987,17
3387,2023-09-11,10,4,988,18
3388,2021-02-04,6,5,988,15
3389,2022-06-03,17,1,988,15
3390,2021-09-28,16,4,988,14
3391,2022-04-27,10,1,989,11
3392,2022-02-09,8,3,990,10
3393,2021-06-09,30,1,991,10
3394,2022-04-26,17,1,991,16
3395,2023-05-06,2,5,991,21
3396,2021-03-24,7,3,991,16
3397,2022-05-06,4,2,991,2
3398,2021-10-25,1,4,991,16
3399,2021-02-12,8,4,992,14
3400,2022-03-28,16,5,992,12
3401,2021-08-13,20,3,993,18
3402,2021-11-25,3,2,994,19
3403,2023-03-21,24,5,994,7
3404,2020-02-13,26,2,994,16
3405,2023-10-15,3,2,994,18
3406,2021-04-20,3,4,994,15
3407,2022-04-18,13,2,994,18
3408,2023-05-10,20,5,995,6
3409,2021-09-24,20,5,995,18
3410,2020-06-30,13,1,995,12
3411,2021-03-03,13,5,996,10
3412,2021-07-11,31,2,997,15
3413,2022-01-27,21,1,998,18
3414,2023-03-14,24,3,998,15
3415,2020-08-24,1,2,999,1
3416,2020-01-30,13,3,999,9
3417,2023-08-27,19,2,999,17
3418,2021-02-14,26,1,999,22
3419,2022-12-31,13,1,999,17
3420,2021-08-03,16,5,1000,5
